stock, y_true, y_pred, error(%) 
1101, 4.265933196435636, 3.9079977176187564, -8.390555180656596
1102, 4.429404414827156, 4.126560643246285, -6.837121726052374
1103, 0.9925141972121838, 2.5119558534152726, 153.0901684299289
1104, 1.609547123623011, 1.846272958656821, 14.707605111986519
1108, -0.49913516184828266, -0.43156694165139725, -13.537058769148281
1109, 3.6666666666666665, 3.028874969746436, -17.394319006915378
1110, 0.11538461538461539, 0.23936199568026928, 107.44706292290003
1201, 1.7170519660146217, 2.7970597256858682, 62.89895594587086
1203, 2.9333333333333336, 2.616714723451261, -10.793816245979743
1210, 3.0638405889072216, 3.222458823721561, 5.177104689735621
1213, -1.0954063604240283, -0.2452761597115048, -77.60866025859488
1215, 3.712686567164179, 4.037591532185375, 8.751209108108595
1216, 4.74216825061598, 8.896691821121554, 87.60810141997652
1217, 0.12740141557128412, 0.48085565635026306, 277.4335270876271
1218, 0.9299999999999999, 0.852476297519522, -8.335881987148163
1219, -0.2981366459627329, -0.016389961904433197, -94.50253361122137
1220, 0.6380575945793338, 0.6060553635786048, -5.015570894008053
1225, 1.3763145861911295, 0.9856796441043612, -28.3826783502911
1227, 3.2433613812698066, 3.120103515624587, -3.8003124276260283
1229, 2.350537021195704, 2.509863930428059, 6.778319498720621
1231, 3.2591701743836436, 3.1309622166349502, -3.933760770038325
1232, 5.7875, 5.369067513041264, -7.229934979848565
1233, 1.9315673289183222, 2.0448669898236993, 5.865685301729811
1234, 1.7317740731525255, 1.6210415048537317, -6.394169425184662
1235, 1.2045454545454546, 1.8857291540775893, 56.55109958379987
1236, 0.12003693444136657, -0.36883891030894034, -407.2711845112172
1301, 7.783904362442465, 9.5272880860007, 22.39729115853614
1303, 6.639809350885156, 8.244871345947756, 24.17331447699817
1304, 1.5780619111709289, 1.8992750072194058, 20.354910905246765
1305, 2.675611681136543, 3.1674242745444587, 18.381314331794368
1307, 0.7616892911010558, 0.8931122101500809, 17.25413768901063
1308, 0.5176767676767677, 0.674665287122747, 30.325587171028186
1309, 0.6347268843454379, 1.9261747735619599, 203.46513139242992
1310, 2.2485319189240385, 2.346109243325137, 4.3396014786301595
1312, 3.4756232075887934, 4.266544622118769, 22.756247363150603
1313, 0.5827343689620527, 1.1528013633826317, 97.82621804784978
1314, 1.5856142820104449, 1.8688587263687637, 17.863388818571014
1315, 1.1616161616161615, 1.0973968398585527, -5.528445960002845
1316, 1.2953657174762703, 3.1865897763560995, 145.9992366143868
1319, 3.2662721893491127, 3.4044322207362216, 4.2298995116705465
1321, -0.31690140845070425, -0.15686319746603852, -50.5009465773834
1323, 3.964950711938664, 3.7581763450556864, -5.21505516475576
1324, 0.013315579227696406, 0.05313875698523735, 299.0720649591325
1325, 0.7033997655334114, 0.7476544664677971, 6.291543316171828
1326, 9.458984508291818, 11.841749026324385, 25.19048969732233
1402, 3.4358945618263, 3.416658409576639, -0.559858630802583
1409, 1.768413247652002, 1.2919154955751588, -26.944932283758316
1410, 1.5416666666666667, 1.4754776999240033, -4.293338383307895
1413, 1.8319454958364876, 1.844044692158699, 0.6604561298198899
1414, 0.17272727272727273, 0.07757863792798461, -55.08605172590365
1416, 1.3491635186184567, 0.5658083036477448, -58.06228853362916
1417, -0.615951566201632, -0.7234823526700728, 17.457669136478902
1418, -3.8380281690140845, -3.250147367055254, -15.317261262046596
1419, 0.9299999999999999, 4.028641780503923, 333.18728822622836
1423, 0.7442196531791907, 0.6536897824828359, -12.16440204308301
1432, -1.2983918999404407, -0.4339635176381143, -66.57684650851404
1434, 3.1584258324924317, 3.208276798047528, 1.5783484621437902
1435, -0.08583690987124463, -0.050593534981947005, -41.05853174603174
1436, 4.479297365119197, 4.43570028440094, -0.9733017740182321
1437, 1.2291052114060963, 1.3675903575646287, 11.267151491458193
1439, -0.75, -0.47415035786876825, -36.77995228416424
1440, 0.6415982617093191, 0.7676640598267791, 19.648712541957455
1441, 11.587708066581307, 10.853778805051064, -6.333687881272038
1442, 0.40092776673293573, 0.6056237852968612, 51.05558545668819
1443, -4.515890613451589, -4.250077379377968, -5.886175216065608
1444, 0.3854591037292385, 0.45557217108914794, 18.18949576792448
1445, -0.17303532804614274, -0.11461669641579601, -33.76110086303788
1446, -0.21060275962236746, -0.5331211028111159, 153.1406064037609
1447, 0.20338983050847456, 0.625230148549381, 207.40482303677902
1449, -1.375, -0.5490562121051599, -60.068639119624734
1451, 2.025252525252525, 1.892194014113839, -6.569971372932634
1452, 1.4705882352941178, 1.5820465023197414, 7.579162157742409
1453, 3.734671125975474, 13.8282443648605, 270.26672224716026
1454, 0.14255167498218105, 0.17232482529065984, 20.885864941397873
1455, 0.14710689767898005, 0.8405246009735147, 471.3699454173292
1456, 0.128068303094984, -0.0937157174660152, -173.17635605471352
1457, 2.3375331564986737, 3.44296538856026, 47.29054768649283
1459, -1.0429447852760736, 0.40168977041170195, -138.51496033947495
1460, 0.3141256502601041, 0.449883773716451, 43.21777713597591
1463, 1.777264858626659, 1.4450040681663912, -18.695063307391045
1464, 0.7591153616258218, 0.8228180682289453, 8.391703003702803
1465, -0.5308880308880308, -0.25067091305998845, -52.78271528542763
1466, -0.935251798561151, -0.41410151771747367, -55.722991567131665
1467, -0.18835616438356162, -0.902708185689215, 379.255982220456
1468, 0.25561097256857856, -0.18500497979076802, -172.37755794741264
1470, 0.5710955710955711, 0.552983477733415, -3.1714645111693613
1471, -2.154255319148936, -1.9596611995412445, -9.03301098425828
1472, -1.5925058548009368, -1.031257879046731, -35.243071418683215
1473, 0.44157608695652173, -0.45283216643368707, -202.5490690754442
1474, 0.8083140877598152, 0.7869364592487383, -2.644718041513219
1475, -3.1875, -10.785883716804028, 238.3806656252244
1476, 15.96209912536443, 15.602811995502252, -2.250876448268988
1477, 7.268385864374403, 6.76330483236001, -6.94901235898908
1503, 2.8234165067178503, 2.8467404498928213, 0.826089353783813
1504, 1.7356568632346334, 1.6609096793420512, -4.306564590957258
1506, -1.0993485342019542, -0.19635183766858758, -82.13925506244254
1507, 1.7818889970788705, 1.8436515415501327, 3.466127495736954
1512, -0.8954545454545454, -0.9658359927673539, 7.859857060313638
1513, 1.3380952380952382, 1.2993046284350944, -2.898942358943131
1514, 1.04425658876181, 0.9405331623713027, -9.932752879586204
1515, 2.1983471074380163, 1.6194081327844168, -26.335193959806595
1516, 0.5015673981191222, 0.6432602448650457, 28.250011319968504
1517, 0.4038630377524144, 0.2859233109858299, -29.202901910247768
1519, 0.20298736116430488, -0.47112867650044365, -332.09754232880346
1521, 4.186351706036746, 4.437778242292439, 6.005862715574874
1522, 1.9367209971236818, 1.6801111305813685, -13.249707465526376
1524, 1.0851419031719531, 1.0624724253297406, -2.0890795734592764
1525, 6.171662125340599, 6.318016285312641, 2.3713897002092517
1526, 2.2666666666666666, 2.5434031124747447, 12.208960844474035
1527, 7.478260869565218, 5.752479011718764, -23.077315540970023
1528, 0.2001000500250125, 0.2915499198015916, 45.70207242084542
1529, 0.7121212121212122, 0.13441264586698837, -81.12503270803994
1530, 3.4472049689440993, 3.2251582960991225, -6.441353932980408
1531, 0.6756756756756757, 0.7538174946587118, 11.564989209489356
1532, 6.182195691668829, 5.174516647259553, -16.29969503824072
1533, 2.1218274111675126, 1.6256713907499032, -23.3834296703993
1535, 0.7922392886014551, 0.9271690479420667, 17.03144003105475
1536, 4.862745098039215, 5.015816613221836, 3.1478416428684106
1537, 12.017114914425429, 12.465304076653938, 3.7295903835495454
1538, -1.7647058823529413, -1.3902390663417865, -21.219786240632104
1539, 5.061162079510703, 1.7940751883016293, -64.55210957252973
1540, 1.5906432748538013, 1.3370856845161294, -15.940569098434517
1541, 1.00253807106599, 1.708658775134575, 70.43330567165127
1560, 4.964539007092198, 4.8829460232444, -1.6435158175056548
1603, 0.683359415753782, 0.719550282821429, 5.296022302952612
1604, 1.7691115702479339, 1.4128133708005506, -20.139950777522163
1605, 3.5956103427540587, 3.5754945377497007, -0.5594545316873863
1608, -0.8865360303413401, -0.4170708572606119, -52.955002054453615
1609, 0.999650471862985, 1.0041880890902526, 0.45392038067177365
1611, 0.0853413654618474, 1.35204036169411, 1484.2731767615687
1612, 0.3891173679215438, 0.46979856643025975, 20.734412072036683
1614, 0.758082497212932, 0.8232567220472359, 8.597247011230971
1615, 1.7605004468275245, 1.742019620849398, -1.0497484400773316
1616, 0.05151983513652757, -0.27425434507037616, -632.3276837816002
1617, 1.5048543689320386, 1.2896873755225853, -14.298193755595934
1618, -0.04151100041511001, 0.3125163008051432, -852.8517686395899
1701, 1.231130493123113, 1.239279369500236, 0.6619019204415098
1702, 3.61101666099966, 3.257175317530709, -9.798939652939598
1707, 13.866471019809243, 12.758489653967676, -7.990362971651092
1708, 1.7477656405163853, 2.0847983638170424, 19.283633657031917
1709, 0.7809371245494594, 1.0573209749575245, 35.39130638302249
1710, 2.6950434684430395, 2.8184700979010535, 4.579763959403559
1711, 0.7447973713033953, 0.8194161533430637, 10.018668823855483
1712, 1.7455410225921522, 1.546094866985607, -11.426036571192407
1713, 0.7615894039735099, 0.7410267091787532, -2.6999712295724008
1714, 0.43076317859952795, 0.25265403790861246, -41.3473457202107
1717, 1.2029347738450373, 1.54107775035049, 28.109834702393634
1718, 2.8967419863373625, 2.4556902670123266, -15.225785430848854
1720, 2.395075545607163, 2.062893949769318, -13.869357751453936
1721, 0.06747638326585695, 0.1385762845956633, 105.370053770773
1722, 2.3275510204081633, 2.008569275575145, -13.704608063847346
1723, 6.399324609539891, 6.973050401044101, 8.965411609983336
1724, 0.758998435054773, 0.7369858569310126, -2.9002139012542125
1725, 1.1936193619361937, 1.246787147791906, 4.45433339565368
1726, 4.604938271604938, 5.012622277430635, 8.853191547421302
1727, 0.9066183136899365, 1.0174855229300612, 12.228653179185757
1730, 5.103999999999999, 5.019810948535202, -1.649472011457625
1731, 0.5718585402558315, 0.6886613050707993, 20.42511505777528
1732, 0.1650943396226415, 0.16524844681014567, 0.09334492500252313
1733, 0.9428284854563691, 1.7832774986954156, 89.14124108503503
1734, -0.7334525939177101, -0.4373137579995713, -40.376002262985274
1735, 0.10060362173038229, 0.3094964873254207, 207.63950840146816
1736, 1.2828947368421053, 0.2326941508475551, -81.86178926726751
1737, 2.265, 2.2414640867289726, -1.0391131686987882
1802, 0.3548708778927822, 0.6693874518127735, 88.62845432332622
1805, -1.1706102117061021, -0.41992373915542475, -64.12779121895682
1806, -1.3208852005532503, -1.1749167520079593, -11.050805057407894
1808, 7.090496269867012, 7.482047788577186, 5.522201885560233
1809, -0.11377245508982037, -0.16717919222987054, 46.94171106520199
1810, -0.20816436874831035, 0.046003315268171086, -122.09951469830713
1902, 1.1119402985074627, 1.4071784441384918, 26.551618466146245
1903, -0.6423076923076922, -0.9583419652158511, 49.202940692288216
1904, 3.6903365514752324, 3.8205963727895043, 3.529754522313141
1905, 0.4796880667392093, 0.484163082766762, 0.9329012618497463
1906, 3.3245033112582782, 3.118367048381626, -6.200513086528785
1907, 1.1804384485666104, 1.083198312897791, -8.237628635944281
1909, 0.7810225229082812, 1.4930780837208266, 91.16965771500102
2002, 1.7723023343014574, 1.802007559830892, 1.676081160336715
2006, 0.8853699830694153, 1.382228582486975, 56.118753619254434
2007, 0.020727341247409083, 0.0002432498416868564, -98.82643008197077
2008, -0.8760577401692384, -1.3860986710854417, 58.2200130801507
2009, 0.23637374860956617, 0.37979511884258843, 60.675676159758595
2010, 0.3767176161803304, 0.5967463251884143, 58.406801157596696
2012, 1.9666435024322446, 1.7120899465157233, -12.94355360296375
2013, 0.59, 0.5630008674517627, -4.576124160718181
2014, 2.1128526645768027, 2.593373929990641, 22.74277205742054
2015, 5.058459422283357, 5.4149705204060865, 7.0478196692107264
2017, 0.43287510968119336, 0.5613996709656607, 29.690910475107685
2020, 1.3897550111358576, 1.7080871840475556, 22.90563231367826
2022, 0.014589412255106293, 0.571194363784768, 3815.129367770452
2023, 0.14127305682908625, 0.4877977433008563, 245.28717240896088
2024, 0.7692307692307693, 0.9510922066881133, 23.64198686945473
2025, -1.8278805120910384, -0.6184240279314025, -66.16715240188513
2027, 5.399578537850544, 5.434238321389867, 0.641897942522028
2028, 1.5781393920786, 1.8657450358105905, 18.224349837258618
2029, 0.30199252801992527, 0.6180800309222563, 104.66732570332857
2030, 1.8987783595113439, 2.2054228186544296, 16.149565725090817
2031, 3.21853878339234, 5.381833903222675, 67.2135793731285
2032, 0.12260536398467434, 0.2240664976428774, 82.75423713997186
2033, 0.1486988847583643, 0.22602201145959483, 51.99980270657755
2034, 2.2353230164578726, 2.3323968816745566, 4.342722036232096
2101, 0.21945077347403766, 0.33847847969164435, 54.23890940702854
2102, -2.5903232622015637, -1.458432480152011, -43.69689291550189
2103, 1.4944895240402083, 1.4449167833382612, -3.3170350079090505
2104, 3.731925636906128, 4.68279197200733, 25.479241217933176
2105, 1.1029184920096256, 1.187810527440784, 7.697036185917675
2106, 0.7879688929551693, 0.6502721604422489, -17.474894471596166
2108, 3.233143785540211, 3.1485107131309205, -2.617671159191882
2109, -0.4604273247065904, -3.4024550507922062, 638.9776558027779
2201, 2.445800750206625, 1.9574909226672434, -19.965233369812662
2204, 2.811935553789466, 2.816350834935201, 0.15701928658303638
2206, 0.8493439550140581, 1.705287932419586, 100.7770729811529
2207, 21.237641889417795, 19.429475799120052, -8.513968263108854
2227, 19.633333333333333, 21.651758841344343, 10.280605303961002
2301, 3.388914883661576, 3.2066923711251616, -5.377016502094351
2302, 0.1683704149128082, 0.08088789756452643, -51.958366553640204
2303, 0.21272828247869094, 0.5976352645468963, 180.93832074574365
2305, -0.06319883325230918, -0.27255040309305567, 331.2585993557043
2308, 7.1795957651588065, 6.64219586156658, -7.485099735003531
2312, 0.6784559278882543, 0.3429300992867826, -49.45432928058
2313, 2.0137606981037086, 2.4722070660445468, 22.765682554662124
2314, 0.2280701754385965, 0.20713390815440377, -9.17974796306912
2316, 1.3342198581560283, 0.8276386474714948, -37.96834589050855
2317, 9.36557743634134, 9.427212991625117, 0.6581073692756202
2321, -0.3765971755211836, -0.4355384318562394, 15.651008601826428
2323, 0.2384307536215546, -0.5433406529073782, -327.8819509037777
2324, 2.175807220167457, 2.260026116490688, 3.8706966105549254
2327, 79.25058548009368, 78.65575064190493, -0.7505746923953734
2328, 2.602739726027397, 2.345349956388281, -9.889185886134452
2329, -0.20278833967046894, -0.9278260159842495, 357.53420413223307
2330, 13.543331379384815, 13.64164166001091, 0.725894374671648
2331, 0.03946896304269824, -0.6190434579541235, -1668.4310157437658
2332, 0.2223926380368098, 0.09730177926839377, -56.24775166690156
2337, 4.886968807738289, 4.542014808169245, -7.05864950524802
2338, 0.5777601899485556, 0.44598716509180125, -22.807563959795772
2340, 1.4660978895374943, 1.3840045522488564, -5.599444476012146
4415, -0.7253886010362693, -1.1396482240437158, 57.1086480288837
2342, 1.1863313990973565, 1.3564671580772387, 14.341334900967246
2344, 1.9417085427135676, 2.08600198105042, 7.431261446437273
2345, 5.294117647058823, 5.308329919758159, 0.2684540398763405
2347, 4.144732897655735, 4.331539982301545, 4.507095855355807
2348, 5.373831775700935, 5.078044920670025, -5.504207563183885
2349, -0.9616882105591029, -1.3384883929843054, 39.181116944975315
2351, 4.881933003844042, 4.662145909561803, -4.502050603914013
2352, 2.2630669107179173, 2.482131590997928, 9.67999130925016
2353, 0.9437705291228983, 1.109066669937488, 17.514441881143423
2354, 6.469423824673029, 5.5463675109990085, -14.26798334271558
2355, 0.4075471698113208, 0.5371412434348886, 31.79854584281987
2356, 1.4826480836236933, 1.6953035946678128, 14.342952545041902
2357, 7.097469036079699, 15.217823619014707, 114.41197617989612
2358, 0.7399577167019028, 0.5454128475989775, -26.291349453052483
2359, 1.8483965014577257, 0.9195366069885579, -50.25219933800072
2360, 6.11084452975048, 6.455875091945544, 5.64620095496281
2362, 2.141806413651074, 2.310666797394013, 7.884017092613307
2363, -0.3124442063917158, -0.41774955647969464, 33.70372947672969
2364, -0.4273504273504274, -1.017105848157818, 138.00276846892936
2365, 0.4051172707889126, 0.5401068796859011, 33.321119248782956
2367, 1.0316435259928962, 1.4708388064777052, 42.57238759503767
2368, 0.41903019213174747, 0.27449135207349507, -34.49365768202399
2369, -0.5130228887134964, -0.21053717382286158, -58.96144627175913
2371, -14.23081855097243, -4.952985582562329, -65.19535707084201
2373, 6.989839119390347, 8.328663286712564, 19.153862405905965
2374, -1.5084985835694051, -1.1649473211505577, -22.77438415659214
2375, 31.21311475409836, 31.153422947012785, -0.19123950799474965
2376, 3.9263803680981595, 4.533432882126722, 15.460868716664958
2377, 7.149958574979287, 7.872665633976112, 10.107849596861735
2379, 8.563274945876795, 8.106820202226244, -5.33037589631913
2380, -2.0461095100864553, -2.6250974959866986, 28.297018465828792
6442, 2.3333333333333335, 1.5041959397876221, -35.53445972338763
2382, 3.969347071920468, 3.933848780762441, -0.8943105884880986
2383, 5.4863934939005325, 5.760588349159802, 4.997724927388162
2385, 5.447699890470975, 5.929956005339808, 8.852472136220047
2387, 0.6418746816097809, -0.20375118887073645, -131.74314156771868
2388, 0.15811879181025745, 0.15363790906048225, -2.8338711031591144
2390, -0.808411214953271, -0.351421398672186, -56.52937611800704
2392, 1.0618778059730627, -0.4729572227392625, -144.5397031634787
2393, 1.9480812641083523, 2.0419723220162553, 4.819668441854121
2395, 9.047550845030077, 9.166242785566471, 1.3118681792387228
2397, 5.274629468177855, 5.16430760824881, -2.0915565841093198
2399, -1.0668163952835485, -0.6856385247739525, -35.73040986197845
2401, 0.23986486486486489, 0.2849116838750018, 18.780082291550045
2404, 11.93074501573977, 9.598008940119103, -19.552308531807352
2405, -0.39603960396039606, -0.3814689765234025, -3.679083427840873
2406, -6.378649365968741, -5.283569150893131, -17.167901106432705
2408, 12.684003609177623, 18.320509869272264, 44.43791119718933
2409, 0.8270817314685897, 1.2779885005735878, 54.51780059322013
2412, 4.699512723335138, 4.606399144326769, -1.9813453966412167
2413, 0.031397174254317116, -0.874696069511688, -2885.906981394726
2414, 1.6141001855287571, 1.59310976106741, -1.3004412396167868
2415, 1.575, 1.9486249530597468, 23.72221924188869
2417, 0.13996889580093314, -0.3448528449174385, -346.3781992021255
2419, 1.3196611680784665, 1.3193840800253036, -0.020996908893387123
2420, 3.2830930537352554, 3.0691787028041317, -6.515634720975942
2421, 2.4232762056596253, 2.4178317153246502, -0.2246747738561259
2423, 2.3655172413793104, 2.1579269453852192, -8.775683066805604
2424, -1.3666666666666667, -0.5364, -60.75121951219512
2425, 2.4039408866995076, 2.196792761632009, -8.61702241571767
2426, 1.6234198270126412, 1.624915039014851, 0.09210260816890765
2427, 0.6294085729788389, 0.3050555777864184, -51.532980184450935
2428, 7.720530835284933, 7.72320924096825, 0.03469198867875291
2429, -0.4444444444444445, -1.0863423226529405, 144.4270225969116
2430, 1.3313432835820895, 1.6005836247195335, 20.22320948005465
2431, -1.7132551848512172, -1.5932369620644984, -7.0052741616037455
2433, 3.764705882352941, 3.6539012707442264, -2.943247495856484
2434, -2.563739376770538, -2.2916333772703803, -10.613637328569684
2436, 0.9887640449438202, 1.652442292162688, 67.12200454827186
2438, 0.5567226890756303, 0.11592351957755513, -79.17751120040897
2439, 10.320480721081623, 12.446686947423757, 20.601813847672208
2440, -0.41696621135873474, -0.028953175624783355, -93.05622977688385
2441, 4.175457102672293, 4.436843354867268, 6.26006316835797
2442, 3.646224447225699, 0.18713939597127957, -94.86758430042156
2443, -2.7041866849691147, -2.550272302820598, -5.691706974375351
2444, -0.9375, -0.6451131582165647, -31.1879297902331
2448, -0.46477450169927437, 0.7601769357875556, -263.5582272711288
2449, 1.467244622556637, 1.5211833042546679, 3.676188746498464
2450, 1.5447154471544717, 1.6219327552219918, 4.998804680160507
2451, 4.832869080779944, 5.090465922977661, 5.330101806857666
2453, 0.6, 0.6309604291546367, 5.160071525772785
2454, 13.058121269242854, 16.763049680972134, 28.37259920732918
2455, 2.14710654407788, 2.19379189725268, 2.174337985395604
2456, 11.79423868312757, 12.10638058447395, 2.646562527116894
2457, -0.7314184187148356, -1.2546049606876355, 71.5304029247832
2458, 5.04113195129977, 4.535818014472494, -10.023818890457507
2459, 4.575955265610438, 3.9866264229704558, -12.878815644657863
2460, -0.5260047281323877, -0.337309704750117, -35.87325613065192
2461, 0.15065913370998116, 0.34609051109995065, 129.71757674259226
2462, 0.07719298245614035, -0.8413476444728378, -1189.9276303398126
2464, 4.879795396419437, 4.642855210113683, -4.8555352644418255
2465, -1.5485074626865671, -3.742449614849524, 141.68108356136685
2466, 0.025591810620601407, -0.07138468617725309, -378.93566123761644
2467, 3.7681159420289854, 3.424331474029593, -9.12351088152234
2468, 0.6, 0.629603626761406, 4.933937793567674
2471, 1.2050739957716703, 1.2477785026454875, 3.543724868651849
2472, 6.996904024767802, 6.484214817025643, -7.327372305341469
4763, 4.817204301075269, 4.638488206228094, -3.7099546474971614
2474, 36.33826583592939, 37.64292016212697, 3.5903043147083924
2475, -3.9019986110039357, -1.0590005129199342, -72.86004895200445
2476, 1.918918918918919, 1.8543682526398997, -3.3639079610193203
2477, 0.8526740665993946, 1.0103607256376015, 18.4931927937116
2478, 7.141366718831508, 5.170396342523866, -27.599344129888593
2480, 3.7969924812030076, 3.5262654846775243, -7.130037730275103
2481, 2.2796106003245, -0.5755299895420171, -125.24685529450035
2482, 0.04830917874396135, -0.41072707698360156, -950.2050493560553
2483, 1.4556962025316456, 1.5514917965537047, 6.58074080673276
2484, 1.631116687578419, 1.3698748534635807, -16.016133983809706
2485, 0.8718917217500787, 0.35380658764167894, -59.42081122968903
2486, -0.5693069306930694, -0.6116937124039759, 7.445330352698355
2488, 3.6875, 3.122510436858152, -15.321750864863676
2489, 0.2248579194465036, -0.02967804638989185, -113.1985773340541
2491, -0.5, -0.4169896976942317, -16.602060461153656
2492, 42.258130918073284, 31.804785373428114, -24.73688570114776
2493, 2.9982517482517483, 2.358290489179221, -21.34448047752103
2495, 0.4256080114449213, 0.23824270123065483, -44.02297540832681
2496, 7.199999999999999, 7.093272074874203, -1.4823322934138425
2497, -1.9528619528619529, -1.4752506682097069, -24.456991645123633
2498, 14.686126038104543, 5.9584615105622465, -59.427956051157025
2499, 0.20158387329013677, -3.0414943938473176, -1608.79846894783
2501, 3.6581579855122452, 4.386147703654654, 19.900445006080556
2504, 0.42671480144404333, 0.23427343913586224, -45.098356480005215
2505, -0.07321274763135228, -2.5901331918285524, 3437.817218485823
2506, 0.6124031007751938, -0.3117281107856754, -150.9024383434837
2509, 5.705202312138729, -0.013974117852586634, -100.24493641220846
2511, 0.7663401712560833, 0.9505335555693623, 24.035459867825214
2514, 0.049416880806483494, 0.6463510859767654, 1207.9560575825824
2515, 0.23254294859233132, 0.274442675028917, 18.01805932633961
2516, 0.29606716747680073, -0.7844763819332999, -364.96567945000857
2520, 1.3358475585549823, -1.360886790722076, -201.87440789981898
2524, 1.2919157785287236, 1.5287018670633559, 18.32829140025614
2527, 1.4798372179060304, -15.400613388097113, -1140.6964497006625
2528, -0.29736618521665253, -18.365181705968165, 6075.9482479784365
2530, 0.07385524372230429, -40.168672500333756, -54488.3825654519
2534, 4.055330634278002, 3.9596791398907634, -2.3586608100147752
2535, 2.0043891733723482, 2.418933933243338, 20.68184988115486
2536, 1.3371394230769231, 1.745145563635495, 30.513358107391614
2537, 0.09314703925482368, -2.9537842893979067, -3271.0984192607525
2538, 0.11633211678832117, 0.09379456245144309, -19.373458473112454
2539, 1.1024007839294465, 1.1526170628304264, 4.555174454973332
2540, 1.26193724420191, 1.696960689952923, 34.47266872816137
2542, 7.490142293845362, 5.867220764589478, -21.667432547836057
2543, -2.1611570247933884, -0.2528457060229546, -88.3004472547696
2545, 2.5846811107720473, 0.485118318590016, -81.23101853577943
2546, 3.849056603773585, 3.4562630435322577, -10.204930731759973
2547, 3.8528622540250446, 3.521289597162423, -8.605878824664213
2548, 3.143063583815029, 3.0667455517550164, -2.428141525771433
2601, 0.3487081946425741, 0.6841166406239032, 96.18599480437298
2603, 0.01750498559716375, -0.24078857957281324, -1475.5428602684888
2605, 0.14956888967094845, 0.16049859620138898, 7.307473201469832
2606, 1.9749142113359366, 2.280210657598671, 15.458719397042348
2607, 0.8152937868990723, 0.9153627020274274, 12.273970038329628
2608, 2.6188436830835116, 2.5192045512680266, -3.804699473248692
2609, -2.7145931984502796, -2.7404194002973243, 0.9513838707688707
2610, 0.41929533296439775, 0.5244649989686213, 25.082479516449446
2611, 0.28651685393258425, 0.13420154319871394, -53.16103002084102
2612, 2.60253164556962, 2.6455728287787696, 1.6538197828418433
2613, 0.47811993517017826, 0.6404807453725997, 33.958176235557296
2614, 2.7101293103448274, 9.445418261662512, 248.522789138084
2615, 0.5125546589730875, 0.6721930653732124, 31.145635612787792
2616, 1.7213712618526622, 1.721903519491815, 0.03092056030841506
2617, 2.2957105200095853, 2.5007619577106546, 8.93193788649856
2618, 1.6464708701307593, 1.5884755298387454, -3.522403058816829
2701, 0.7311111111111112, 0.7491857378585608, 2.472213384909525
2702, 2.0821114369501466, 1.3057600645686738, -37.286734927053836
2704, 1.0983919324066502, 1.2614310245550533, 14.843434965074215
2705, -3.873820754716981, -5.022349231319736, 29.648467219456197
2706, 0.8599999999999999, 0.9118552045862021, 6.029674951883976
2707, 11.033938437253354, 10.370630599648578, -6.011523821496792
2816, 2.830985915492958, 3.2896991037131884, 16.203301673450923
2823, 2.5358780147498505, 1.8905066015882848, -25.449623736149146
2832, 1.5461071231363888, 1.4621269144700513, -5.431719924812042
2841, 0.5283217242738862, 0.5380671028626803, 1.8445916836351808
2850, 5.60126582278481, 4.4952326734118815, -19.74612854247714
2851, 1.7784552845528456, 0.9450386315731845, -46.86182780182781
2852, 1.6301460823373173, 0.671930673532286, -58.78095338738808
2901, 0.4383561643835616, 0.401128070157079, -8.492658995416344
2903, 1.1645140800338767, 1.2320783078253963, 5.801924506533584
2904, 1.7246376811594202, 1.6792229191649288, -2.633292922369667
2905, 0.587879520987057, 1.834597271389902, 212.0702807115292
2906, 0.7890961262553802, 0.6006480290106433, -23.88151341446938
2908, 0.8217297509315552, 1.6953119956977338, 106.31016386784593
2910, 0.43124101581217056, 0.083908123091502, -80.5426385675595
2911, -0.5547150781643974, 1.9236876206506237, -446.7884137954715
2912, 11.296652558676413, 32.36645373685146, 186.51366914876346
2913, -0.053164556962025315, -0.034569728971390414, -34.9759859823847
2915, 27.29155602761551, 68.75664130933549, 151.9337528419512
3002, -0.3137254901960784, -0.2503275363737574, -20.208097780864836
3003, 3.1149646756583174, 3.065028095465565, -1.6031186672188718
3004, 5.722433460076045, 5.4158815887004605, -5.3570194134072295
3005, 4.1747237569060776, 3.906350998358528, -6.428515374306892
3006, 2.5052484254723586, 3.2019479372168353, 27.80959782913009
3008, 181.73005219985086, 181.3704172874302, -0.19789512415104826
3010, 6.434745030250648, 6.7807051718346685, 5.376439003528705
3011, -0.29281277728482696, -1.047148978018615, 257.6172418869633
3013, 0.8534432018834609, 0.47780687015080103, -44.01421569750269
3014, 3.021091811414392, 2.9272031675624754, -3.107771948445365
3015, 0.4784191367654706, 0.9200278140578413, 92.30581374274227
3016, 1.5670553935860057, 1.5518346466260375, -0.9712960385616861
3017, 2.066232663458817, 2.149211766599061, 4.015961251979197
3018, -2.2312925170068025, -0.7061577254581892, -68.35207754806287
3019, 5.311277125578087, 4.153965248980643, -21.78970988021042
3021, 1.304801670146138, 1.3667970645477228, 4.751327026937454
3022, 3.0389170896785114, 2.7568578108247186, -9.28157203800621
3023, 6.078865750996899, 6.588655272565768, 8.386260569831911
3024, 0.5411255411255411, 0.2919214622193174, -46.05291378187014
3025, 0.014104372355430182, -0.08964705423206425, -735.5976145053355
3026, 16.962025316455694, 18.082575497036103, 6.606228676556143
3027, 1.6582406471183013, -2.0464775329155973, -223.41257805204427
3028, 1.913002806361085, 2.1602120179532203, 12.922574434816259
3029, 2.050447518307567, 1.997774733488456, -2.568843354868563
3030, 4.504657070279424, 4.086725969734692, -9.277756198182866
3031, 0.4659882163899304, 0.6193847068959515, 32.91853422698177
3032, 4.068843777581642, 3.5196452167428687, -13.497656603694796
3033, 1.809220063786605, 2.0810148567573017, 15.022760271729696
3034, 10.502875924404274, 9.76873764594946, -6.989878617426905
3035, 1.0498793242156075, 0.939856615732839, -10.479557597247606
3036, 5.005403458213257, 5.780422185082175, 15.483641495416457
3037, 1.2160276430327597, 1.170058019188601, -3.780310760823739
3038, 0.6422018348623854, 0.6577902401790823, 2.427337399314234
3040, 1.3015873015873016, 1.0641206201297355, -18.24439138027642
3041, -2.5181758096497027, -1.9777221607731357, -21.46210946851039
3042, 2.0787604906391217, 2.122059505479614, 2.0829246580100107
3043, -0.01026167265264238, 0.08354409901147, -914.1372448667753
3044, 9.396879756468797, 8.687289367656813, -7.551340521554541
3045, 4.234558157210091, 4.002832471171373, -5.472251825002425
3046, -0.15406162464985995, -1.0578294773787411, 586.6274971349283
3047, 0.6541554959785523, -0.46424349888541433, -170.96837093617194
3048, 1.096136567834681, 1.1446322959688626, 4.424241427323286
3050, 0.43150684931506855, 0.23785645027825955, -44.87771152281605
3051, -0.31970488779588074, -0.41457908907394425, 29.675555457455825
3052, -0.5793991416309012, -0.27588033287854086, -52.38509810318517
3054, 0.011111111111111112, -0.03933079949472357, -453.9771954525121
3055, 0.8309178743961353, 0.676651525586983, -18.565775699706112
3056, 1.6019184652278176, -5.200002111074742, -424.61091022727067
3057, -0.3965303593556382, -2.330801195533767, 487.79892649867185
3058, -0.9310548025928109, -0.39931863728474515, -57.11115648910048
3059, 0.6313868613138686, 0.5735002163618099, -9.168173824776918
3060, -2.66857962697274, -1.687771213042887, -36.753949704790735
3062, 0.5082166768107121, 0.4760863369101073, -6.32217346786751
3189, 0.9117125110913931, 0.797045671518835, -12.577083036328268
3231, 2.5632454874916433, 2.184722798114444, -14.767321008633324
3311, -0.189520624303233, -0.3970411364227417, 109.49758786541135
3356, 0.6256983240223464, -0.14584560213033196, -123.30925248332984
3380, -0.16191352345906163, -0.2448822172986728, 51.24259670662349
3406, 9.048096192384769, 10.748132716587007, 18.78888650225729
3701, 2.727272727272727, 1.8297781327269886, -32.90813513334375
3702, 4.475611934965159, 4.466179805416729, -0.2107450262776975
4106, 1.0802775024777007, 1.1629507629820004, 7.65296512374664
4119, 5.622641509433962, 5.162139541730793, -8.19013566720401
4414, -0.5224706663714855, -0.5105224670824694, -2.2868650927324525
4526, 1.5580847723704867, 0.5850316177764185, -62.451875010218785
4532, 2.276679841897233, 2.3457629640925406, 3.034380193648062
4904, 2.8924351695565442, 3.0120397317258414, 4.135081865556019
4906, -0.06264236902050113, -0.42211712626083486, 573.8524306491146
5203, 3.8751472320376914, 3.634204212950132, -6.21764812174279
5305, 4.4843049327354265, 3.3801633358644896, -24.62235761022189
5434, 7.605943863511282, 6.742017063023002, -11.358574504248955
5469, 3.872113676731794, 3.726697769909894, -3.755465850492179
5471, 2.0190589636688507, 1.7866072389159822, -11.512874509146497
5484, -1.593073593073593, -1.4046540133968515, -11.827424702534596
5515, 0.6221956326652707, 0.7077622803619678, 13.7523703485605
5525, 4.167040862146385, 4.065226590470885, -2.4433230929023537
5531, -0.03084198622391282, 0.4513698415201129, -1563.491482822046
5534, 14.343782294178435, 13.817489483664648, -3.6691355161419907
5607, 1.6588235294117648, 1.8871287902000056, 13.76308309716345
5608, -0.9846043680630147, -3.3278784999135755, 237.99144182758604
6112, 3.120503597122302, 3.0937981378533608, -0.8558060722496463
6115, 2.8023441662226958, 2.407339686087184, -14.095502076318553
6116, 0.3157178638795263, 0.988485555669313, 213.09142394505298
6117, -2.2435174746335966, 3.4520137864155975, -253.86614213822284
6128, 0.3213166144200627, 10.523781665233155, 3175.2061963018305
6131, -8.007850834151128, 54.744074269785756, -783.6300451092119
6133, 0.11965811965811966, 0.12182612122366611, 1.811829879778101
6136, 0.7705627705627706, 1.3425572120397697, 74.23073931527348
6139, 3.6895787139689578, 3.649492050286423, -1.0864834928379317
6141, -0.676923076923077, 0.5229027289993886, -177.24699405672786
6142, -0.8240119313944817, -0.8775958636952058, 6.502810245725886
6165, -0.10060362173038229, -0.04465543259557345, -55.61249999999999
6166, 1.1264367816091954, 0.9532269681178138, -15.376789565051219
6168, 1.1353711790393013, 0.9100578230513803, -19.844907123551504
6172, 0.3, 0.2645269010061838, -11.82436633127206
6184, 2.2439949431099873, 2.5527393969603485, 13.758696506796378
6189, 3.2737430167597763, 3.0659623734256325, -6.346883132561731
6192, 6.947565543071161, 6.844401885158206, -1.484889307965452
6196, 4.213362068965517, 5.257079368150761, 24.771602394984814
6197, 2.276822276822277, 1.707247572879238, -25.016212716347138
6201, 2.948430493273543, 2.5319806466457013, -14.12445867650322
6202, 4.730327144120247, 4.706846645430588, -0.49638213117766183
6206, 5.534591194968553, 5.334063828522084, -3.6231649164759716
6209, -0.14101778050275904, -0.33093100910252915, 134.67325036792394
6216, 2.265060240963855, 2.401353780867463, 6.017214793616729
6225, -0.15625, -0.206171875, 31.95
6235, 1.0071942446043165, 1.046766240993617, 3.928933927223399
6239, 9.643178025927352, 9.79437832107053, 1.5679508844143542
6257, 3.453846153846154, 3.861042781774093, 11.789657378759923
6269, 8.312382149591452, 6.895822043328169, -17.041566193307236
6277, 13.288702928870293, 8.652018163867956, -34.89192880464606
6281, 4.082661290322581, 4.412958753448221, 8.090248973349007
6282, 2.0305845915602014, 1.8237196716585182, -10.187456398590042
6285, 5.159133458143889, 4.744257959085259, -8.041573307310603
6289, 0.2636464909023394, 0.20829289859626166, -20.995383673277086
6505, 6.306004618937644, 9.53821195050939, 51.25602543748641
6605, 5.66344993968637, 5.484895703791902, -3.1527467850162654
8016, 8.43594009983361, 8.257061099086139, -2.120439436868451
8072, -0.1625, -0.2489252729950866, 53.18478338159175
8249, 1.6207710464201417, 1.1322635120306515, -30.140440592671947
8926, 1.1358234295415959, 1.6998906057008514, 49.661519694738644
9902, 0.12244897959183673, 0.03366331254724113, -72.50829475308642
9904, 5.555857201031627, 5.59055818330287, 0.6245837683661054
9905, 1.4426229508196722, 1.5687752812027314, 8.744650174280238
9906, -0.3601440576230492, -0.09488789940218513, -73.65279326599327
9907, 0.9752390602241784, 0.8005149532700641, -17.916028395535193
9908, 1.367157242447715, 1.4866032136570566, 8.736812964943914
9910, 8.787243599341219, 8.152099803127893, -7.228020812589543
9911, 3.6182722749886933, 3.6008316548881547, -0.4820151380286354
9912, 0.22857142857142856, 0.2928254726937168, 28.111144303501096
9914, 5.839464882943144, 3.6216569180791436, -37.97964384274548
9917, 4.652039007092198, 4.383387905867453, -5.774910760962603
9918, 1.257617728531856, 1.1877348417384077, -5.556766989523086
9919, -0.1330603889457523, -0.050747588165042413, -61.861235663656586
9921, 7.912556651559584, 5.9007641681897605, -25.42531538113278
9924, 3.7718832891246685, 3.352754024316335, -11.111936204834153
9925, 2.3534010946051604, 2.4153354571450065, 2.6316960029389747
9926, 1.8217270194986073, 1.9725223994771572, 8.277605720535082
9927, 1.7647058823529413, 2.8208766755691266, 59.849678282250494
9928, -1.267418712674187, -1.5328525024348447, 20.94286498268646
9929, 0.31398104265402843, 0.10923303893298186, -65.21030760021257
9930, 3.4245472837022133, 3.378488979499183, -1.3449457807817882
9931, 2.101661779081134, 2.154489187733116, 2.513601816324549
9933, 3.0132320188654527, 3.038067770720942, 0.8242230170128274
9934, 1.6811515480717, 1.3869907128146277, -17.49757989364363
9935, 1.332547169811321, 1.4051293301200931, 5.446873623171576
9937, 2.3786407766990294, 2.5569526658746993, 7.496377381671018
9938, 5.080536912751677, 5.412666654613093, 6.537296107972389
9939, 3.762376237623762, 3.7481549426785827, -0.37798704985871645
9940, 2.023615635179153, 1.8567675181130572, -8.245049809141486
9941, 10.134741442097596, 9.949355284616008, -1.8292144751866362
9942, 5.300480769230768, 5.4193717086596465, 2.24302180509811
9943, 6.055668703326544, 5.84410458337456, -3.493654133287815
9944, 0.16498625114573784, 0.12807042158036386, -22.37509447545723
9945, 10.412638293631018, 18.719538720069167, 79.7770957963568
1333, -1.5973154362416109, -1.7440191849464095, 9.184394351686972
1565, 33.095238095238095, 32.866265762081674, -0.6918588483863062
1569, 0.3992901508429459, 0.7464602902846996, 86.94683270019033
1570, 1.6310679611650487, 1.3080932583910134, -19.80142522959859
1742, -1.8330308529945554, -1.7809342564632382, -2.8421014543322523
1777, 5.116279069767442, 4.473666805836563, -12.560148795012626
1781, -0.8016877637130803, -1.274834634008437, 59.018846452631344
1785, 1.0366465863453815, 1.4684967682092478, 41.65838073960395
1787, 1.6347569955817378, 1.7263102417621625, 5.600419293379133
1815, 0.9538246268656716, 0.8846317125961173, -7.254259569385059
2059, 18.635886673662117, 17.359894122036685, -6.846964536593676
2916, 1.52014652014652, 1.3038325256157193, -14.229812170339425
3064, -2.0527045769764216, -5.13636391714183, 150.22421515265268
3066, 0.036101083032490974, -0.15859144224592478, -539.2982950212116
3067, -0.9310344827586208, -0.8890350790894641, -4.511047060761271
3071, 1.6083333333333334, 1.6197687961997718, 0.7110132352189662
3078, 2.770448548812665, 2.6539576229284996, -4.20476770572369
3083, 0.5950991831971996, -1.4440502523026115, -342.6570718084976
3085, -3.344623200677392, -2.009942479956542, -39.90526408028667
3086, -0.9803921568627451, -1.2430800482818545, 26.794164924749165
3088, 5.113065326633166, 4.382798334231936, -14.282371644997028
3089, 0.2329450915141431, 0.239036197439398, 2.61482475791299
3090, 8.813654168998323, 8.421748047158932, -4.446579299853911
3093, 1.5702479338842976, 0.5195140943829867, -66.91515504192557
3095, 0.2561756633119854, 0.8158037100510844, 218.4548053877983
3114, 3.173076923076923, 3.367171401387089, 6.116916892199168
3115, -1.3958810068649885, -1.6137963665036468, 15.611313469195684
2239, 12.19327731092437, 13.486930123185681, 10.609557867615157
3144, 1.6401590457256463, 1.6987696825357435, 3.573472765512589
3162, -0.4980237154150197, -0.9893794648514511, 98.66111476779139
3171, 1.0810810810810811, 0.9153026461857129, -15.334505227821563
3188, 1.461794019933555, 1.8249953877605036, 24.846275389979887
3191, -0.6293706293706294, 0.3702670805445082, -158.83132501984963
3202, 0.2894211576846307, -0.5129139060077593, -277.22059786888786
3205, -2.804878048780488, -3.3355920051093952, 18.92110626911756
3207, -2.255434782608696, -2.5964747394689653, 15.120807725852913
3209, 1.2743362831858407, 1.735249451934008, 36.168880603154804
3211, 4.352542372881356, 4.105418672600219, -5.6776862603532114
3213, 3.03236797274276, 3.4460093681578434, 13.640870736441235
3217, 3.605359317904994, 3.509394731357267, -2.6617204579622866
3218, 1.5768725361366622, 1.508840610999255, -4.31435791913058
3219, -1.7567567567567568, -2.015420020366983, 14.72390885165903
3224, -1.0, -0.3705164350733471, -62.94835649266529
3226, 4.487577639751553, 4.2337687366227446, -5.655810851728464
3228, 0.752212389380531, 0.4010349003133392, -46.68594854657962
3229, -0.7914438502673797, -0.5791256041031535, -26.82669731939885
3232, 0.6557377049180328, 0.8253390497656555, 25.864205089262455
3236, 1.7873831775700935, 1.8863221967820087, 5.53541179381696
3252, 2.191235059760956, -1.573063497451169, -171.78889779277154
3260, -1.0468821119708693, 0.8618480253295049, -182.32522224560532
3264, 3.1592902304711403, 3.098864357407593, -1.9126407723084042
3265, 2.421129860601614, 5.100925492840532, 110.68368020429229
3266, 0.17598637524836785, 0.7045274142600118, 300.33065813516475
3268, -0.5089820359281437, -0.8130901391488804, 59.74829792689768
3276, -0.6599713055954088, 0.06388193888846957, -109.67950247940507
3284, 0.053571428571428575, 0.49636566640802426, 826.5492439616452
3288, 0.13215859030837004, 0.18280991847264288, 38.326171644299784
3289, -4.779874213836478, -0.047002277113560906, -99.01666288670314
3290, 1.6884422110552764, 0.7507529971175, -55.53575999214807
3296, 1.0081466395112018, -0.10219802310168466, -110.1372180490762
3297, -0.5962059620596206, -0.7653740663861731, 28.374104771135393
3305, 0.3539094650205761, 0.35418554923367823, 0.07800984160909781
3306, 0.09881422924901186, -0.03090229734457319, -131.27312491270806
3312, 1.2511332728921123, 1.4392955359450708, 15.039346097638639
3325, -0.32171581769436997, -0.9890250466982432, 207.4219520153706
3354, 1.0841654778887304, 1.228403971006128, 13.304103115170495
3362, 2.1389396709323583, 1.6934261090973277, -20.82871096784288
3372, -1.3959203735561563, -0.3416399885290504, -75.52582546963545
3376, 6.664801343033017, 5.048651889408401, -24.24902664674382
4102, -0.35377358490566035, -0.3256902387921945, -7.938225834739683
4104, 4.277907884465261, 3.9636971103646927, -7.344963533263282
4105, 5.878568556493767, 6.720683187492083, 14.325164755764794
4107, 5.844155844155844, 5.620326782018652, -3.82996395212528
4108, -1.2775061124694376, -1.6418602331106649, 28.52073403679655
4111, 0.7368421052631579, 0.8752383708384094, 18.782350328069853
4113, 0.6868782567503552, 0.7857868268471648, 14.399723549956219
4114, 1.4886075949367088, 1.618814488919116, 8.746891687593685
4120, 1.707035755478662, 1.9871122718516607, 16.40718511455338
4121, 0.17735334242837655, 0.28420310982751085, 60.24683038735802
4123, 22.418988061398522, 8.419013762374195, -62.446950150840095
4126, 3.2727272727272725, 2.9853310951883003, -8.781549869246373
4127, -2.074235807860262, -1.5363669199204242, -25.930942176467976
4129, 1.267080745341615, 1.035331334903902, -18.29002700023128
4131, -0.5175983436853002, -1.8400073613986656, 255.4894222222222
4205, 3.048327137546468, 3.4260985710460172, 12.392745806265703
4207, 0.9079975947083584, 1.0992329916800105, 21.06122285853361
4303, 1.3, 1.5696230270151785, 20.740232847321423
4304, -1.8888888888888888, -2.0910112368049867, 10.700594889675768
4305, 3.1818181818181817, 2.9932239796849354, -5.92724635275917
4306, 0.9941520467836257, 1.2101424124159557, 21.726089719487312
4401, 2.6101413133832088, 2.5620843064106658, -1.8411649486614403
4402, -4.5, -1.7246305475326908, -61.674876721495764
4406, -0.07707129094412331, -0.06032987294589259, -21.721989852704354
4413, 0.8945686900958466, 1.4202446138926605, 58.76305862442956
4416, -3.216666666666667, -3.275502532679739, 1.8290942801991328
4417, 4.559523809523809, 4.48187492400966, -1.7030042775949141
4419, -0.8588957055214724, -0.9337269938650307, 8.712499999999993
4420, 1.8765432098765433, 1.4673264131728692, -21.80694771907737
4502, 2.086021505376344, 2.43643354082285, 16.798102730167564
4503, 0.916030534351145, 0.7882632566813803, -13.947927812282646
4506, 3.6327683615819213, 3.608278334826396, -0.6741422606108878
4510, 1.1111111111111112, 0.8950241273824456, -19.447828535579898
4513, 1.261378413524057, 1.2530078477707287, -0.6636046458051069
4523, -2.515625, -1.8768800393992442, -25.391104023880978
4527, 2.8215223097112863, 2.847949580031557, 0.936631627164939
4528, 3.633986928104575, 3.900694166497751, 7.339245948589186
4529, -3.026634382566586, -2.8127968940316683, -7.06519062119368
4530, 0.12987012987012989, -0.02295488365800865, -117.67526041666667
4533, 0.5997474747474747, 0.20147323599864247, -66.40698886085794
4534, -0.10089686098654709, -0.0095972265075466, -90.48808217252048
4535, 2.02113606340819, 2.5343832565975006, 25.39399511400707
4609, -1.2943632567849686, -1.5912164651197975, 22.934304321352112
4702, -2.4, -5.072926886064913, 111.37195358603805
4706, 1.2911392405063291, 1.233706269334946, -4.448239924058097
4707, 0.9223300970873787, 0.8999557594815571, -2.4258492351574916
4711, 0.3927986906710311, 0.6552565906444908, 66.81740703490995
4712, -1.506849315068493, -1.1220884080346532, -25.534132921336646
4714, 0.8699902248289346, 0.7068453886001742, -18.752490726069873
4716, 0.35904255319148937, 0.28918315738888767, -19.457135423539434
4720, 0.3724604966139955, 0.25009787099012465, -32.8525110008332
4721, 3.253333333333333, 3.197006019414217, -1.7313723540711903
4722, 2.54, 2.6190774566241948, 3.1132856938659343
4903, -0.8859357696567, -0.2244668336527007, -74.66330615145141
4905, -9.21259842519685, 2.238333100534591, -124.29643621947804
4907, 3.513971210838273, 3.5934106743972967, 2.2606748545351127
4908, 1.649616368286445, 1.7509318850031554, 6.141762331199031
4909, 1.0813704496788008, 0.9872858629741328, -8.70049544377821
5007, 3.862326212275348, 3.9833833153971994, 3.1343055057624225
5009, 0.5185343904006857, 0.37456517059828803, -27.764642513131815
5011, 1.3138686131386863, 1.5080203382599748, 14.77710352312029
5013, 2.7811094452773615, 2.9565270427579042, 6.3074683298933705
5014, -0.6715063520871144, -0.18367534683480913, -72.64726591730275
5015, 5.033003300330034, 4.836718216136294, -3.8999593777510224
5016, 3.810483870967742, 4.196703847826064, 10.135720027604638
5102, 0.967238689547582, 1.0740214619687125, 11.039960826120108
5201, 1.3355048859934855, 1.3890073146927713, 4.006157466019691
5202, 0.7106598984771574, -0.10246470628450326, -114.41824795574796
5205, 0.058823529411764705, 0.24122717086834733, 310.08619047619044
5206, 1.5151515151515151, -1.672834720276613, -210.40709153825645
5209, 3.2340425531914896, 2.902675461026201, -10.246219297216157
5210, -0.282574568288854, -0.7706649353347359, 172.72975767123708
5211, 0.03125, 0.1055168298139502, 237.65385540464067
5212, 1.8497109826589595, 0.8872651412502387, -52.032228301158966
5213, 2.001733102253033, 1.5823380896563788, -20.95159500158177
5301, -0.2246376811594203, -2.305276799396489, 926.21999457005
5302, -0.3201970443349754, -0.29962229650480887, -6.425652014652014
5304, -0.510752688172043, -0.7523959654670556, 47.31121008091825
5306, 7.523809523809524, 7.500665219226549, -0.30761417483701103
5309, -1.3425925925925928, -1.3120165168743982, -2.2773904672862133
5310, -2.721774193548387, -1.0868196155979253, -60.06944227136511
5312, 4.159733777038269, 3.950579116271254, -5.028078044839055
5314, 0.21666666666666667, 1.014380217511565, 368.1754850053377
5315, 1.9830827067669174, 1.781282162054503, -10.176103297346398
5317, 19.135483870967743, 24.197643261566526, 26.45430564877988
5321, 2.2569444444444446, -1.400671069268279, -162.06050276142528
5324, 0.14097744360902253, -0.22146436764794816, -257.0920581182779
5328, 0.05790387955993051, 0.12049673240865888, 108.09785686975391
5340, 0.86198050282196, 0.8217242806857621, -4.670201008538679
5344, -0.6926952141057935, -0.5682919641703804, -17.95930553613054
5345, -1.56, -1.5803667222222222, 1.305559116809111
5347, 3.7620500305064066, 3.470623418425154, -7.746484223178288
5348, 5.1923076923076925, 8.680540470085472, 67.18077942386833
5349, 0.8299866131191433, 0.6596113279345563, -20.527473876272012
5351, -1.5770199130235751, -0.9215255642985183, -41.5653818516658
5353, 1.0266666666666666, 0.8910523097388411, -13.209190609853136
5355, -0.6140878988561107, -0.4906951105922642, -20.09366875551461
5356, 1.5922330097087378, 1.618378217059454, 1.6420465592218123
5364, -2.765957446808511, -4.016583853397047, 45.21495469973938
5371, 4.898710865561695, 4.9056504566253, 0.1416615769750986
5381, -0.23307436182019975, 0.02312717680352982, -109.92266014284779
5383, -0.8502024291497976, -0.6477509253762177, -23.81215306289249
5386, 2.838709677419355, 3.55485199490557, 25.227740729628035
5388, 3.4513634513634512, 3.574992644156337, 3.5820392298599124
5392, 1.5697211155378485, 1.9693889014876995, 25.46106961254127
5398, -1.24, -2.154615343663912, 73.75930190838001
5403, 3.05111821086262, 2.858444782137106, -6.314846407443543
5410, 1.5599534342258439, 1.6878730048709545, 8.20021725254851
5425, 5.150391429748661, 4.7713673508572905, -7.359131515754842
5426, 0.917941585535466, 0.42564324478740667, -53.63068287846282
5432, 0.9178743961352658, -0.2627163149419442, -128.6222511542013
5438, 1.4222222222222223, 1.3844969847930024, -2.6525557567420206
5439, 3.4069767441860463, 3.0537531827710755, -10.367654021053752
5443, 2.4591156874621443, 2.824352167327129, 14.852350449682007
5450, -0.3968253968253968, -0.1752515340486418, -55.836613419742264
5452, 0.08064516129032258, -0.30073204722006597, -472.9077385528818
5455, 1.465648854961832, -6.3802223806727625, -535.3172561813187
5457, 1.8474374255065553, 0.8189002373766672, -55.673722634901694
5460, 0.3055555555555555, 0.13797258268609902, -54.84533657545849
5464, 2.8832630098452885, 1.8173859835363484, -36.96773491247104
5465, 0.37781840341255335, 0.32972088681639355, -12.730326570048101
5468, -1.0888252148997135, -0.9533011554412062, -12.446814934478697
5474, 7.596439169139466, 8.011564114431135, 5.4647307251286055
5475, -0.16129032258064516, 0.26816086979888953, -266.25973927531146
5478, 3.701960784313725, 1.9662936624973824, -46.88507585414909
5480, 1.7116599655370477, 1.2890827955793391, -24.688149426052703
5481, 3.5207496653279784, 2.640851624247701, -24.991780862622328
5483, 14.727954971857411, 13.636530342539427, -7.4105646805921745
5487, 1.0222222222222224, 1.1242223370144995, 9.978272099244498
5488, 1.834061135371179, 1.5075068454927725, -17.804983900513122
5489, 2.891918208373905, 2.4080481270081577, -16.731803823657312
5490, 0.3072033898305085, -0.6722403104183643, -318.82581139135715
5493, 5.011286681715576, 4.327013632848495, -13.654637867032276
5498, 0.24893746205221615, 0.5922845619987759, 137.92504234438633
5508, 3.178472861085557, 3.2991570033949587, 3.7969222196908765
5511, 4.506172839506172, 4.818163338996588, 6.923624783211971
5512, 0.31048387096774194, 0.3411739309043357, 9.884590732824996
5514, 0.1189127972819932, 0.9427251843485757, 692.786988361707
5516, 1.7754569190600522, 0.8749821546285114, -50.71791687901178
5519, 2.4049945711183494, 1.9219797765015372, -20.08382057977806
5520, 1.1608623548922057, 0.9132388471669338, -21.330996451191275
5521, -0.20143884892086328, -1.4803397424346927, 634.8829435657939
5522, 2.485427260324941, 2.8989901175519273, 16.639507573958028
5523, 0.7354838709677419, 0.6996881657855083, -4.866959915128256
5529, -1.476510067114094, -1.0201517235144457, -30.907905998339817
5530, 5.453463461080696, 5.56737379432839, 2.0887704494699375
5533, 0.820476858345021, 0.8733420174299468, 6.443223662829409
5601, 0.29320987654320985, 0.3433468364197531, 17.099342105263176
5603, 0.02554278416347382, 0.2743000360779335, 973.8846412451096
5604, 4.025735294117647, 4.203206982800454, 4.4084291618012434
5609, 2.134920634920635, 1.8787020516981552, -12.001316537558528
5701, -0.425531914893617, -0.5203856454206217, 22.290626673846102
5703, -0.811965811965812, -0.8326024036169472, 2.5415591822977013
5704, 0.5141388174807198, 0.4753026594591952, -7.553632735186529
5706, 2.684124386252046, 2.3225629837363253, -13.470366886408863
5902, 0.33862433862433866, 0.2632082861952576, -22.271302982962997
5903, 7.589605734767026, 7.6503975939274085, 0.8009883686303103
5904, 17.492323439099284, 17.258512890487374, -1.3366466120177638
5905, 0.44629720451201566, 0.2405298542680126, -46.10545353269476
6101, 0.2882205513784461, -0.16222589876993943, -156.2853335732225
6103, 0.2626970227670753, 0.3761674162514468, 43.19439645305075
6104, 2.704194260485651, 2.5551759536196714, -5.510636164105206
6108, 3.4771732332707943, 3.014345875439072, -13.31044865418928
6109, 0.03484320557491289, -0.12274336856477885, -452.2734677809153
6111, 1.7782426778242677, -0.6284903225660705, -135.34333813959788
6113, -0.68, -0.7683585424768238, 12.993903305415252
6114, 7.1753986332574025, 2.297057427302672, -67.9870409337818
6118, -0.31903190319031904, 0.3206465055941881, -200.5060943396955
6120, 0.4837740384615385, 0.6470335591683554, 33.747061174676176
6121, 17.924324324324324, 16.859527719488334, -5.940511818294881
6122, 0.18922852983988356, -0.815282510182389, -530.8454496117702
6123, 4.333925399644761, 4.335212925572172, 0.02970807775133766
6124, 0.6136986301369863, 0.20324147036985957, -66.88252826562557
6125, -6.220883534136546, -3.4228838141403397, -44.97752939180474
6126, 0.570592538405267, 0.3678408352219595, -35.533535673279665
6127, -0.23126734505087881, -0.10149750530020454, -56.11247870819156
6129, -0.5030403537866225, -0.3411338129693493, -32.18559696026892
6130, -0.8614232209737828, -0.420636912193092, -51.169541062801926
6134, -0.33934252386002123, -0.07198684131632174, -78.78637769959643
6138, 7.785419532324623, 7.210770141941271, -7.381097293439866
6140, 0.05208333333333333, 0.06715825117250791, 28.9438422512152
6143, 4.189675870348139, 3.3569043548440276, -19.876752791258586
6144, -0.478796169630643, -0.17500368109213735, -63.4492311776136
6146, 7.738095238095238, 7.737025151519793, -0.01382881112882691
6147, 6.941769830353049, 6.791806488199292, -2.1603041561251315
6148, 1.0638297872340425, 1.291164120531504, 21.369427329961386
6150, 4.054054054054054, 2.6890522860596686, -33.670043610528175
6151, 1.4647377938517179, 1.3765876123812861, -6.018154364586266
6152, -3.5778175313059037, -2.474635483418972, -30.833938238439735
6153, 2.0025, 1.0537665719468108, -47.37744959067112
6154, 0.7240948813982522, 0.8485032644309344, 17.181226691237665
6155, 1.4716106604866743, 1.251678519494706, -14.944995092603833
6156, 2.164821648216482, 1.5148173731674226, -30.02576565993667
6158, 3.5027223230490017, 3.46295451233844, -1.1353400881616313
6160, 0.8175182481751825, 1.1368521062999029, 39.06137371704169
6161, 2.2115384615384617, 3.0924880323762736, 39.83424146397062
6163, 1.0048309178743962, 0.46792295990537824, -53.43266697095515
6164, 0.21000000000000002, -0.013683564162529673, -106.51598293453794
6167, 1.128236744759556, 1.0594965237322, -6.092712486686964
6169, -2.7223719676549867, -4.120963957045979, 51.37402258059982
6170, -0.1560758082497213, -0.2199526504567868, 40.926805328384106
6171, 0.3183023872679045, 0.38642382340570536, 21.401484519959105
6173, 8.604651162790697, 7.337190852232239, -14.72994414973343
6174, 1.06, 0.986723806553105, -6.912848438386327
6175, 2.675852066715011, 2.5501548571902575, -4.697464822076839
6176, 10.834408602150539, 9.30982608943932, -14.071672656028525
6177, 0.1843506759524785, -0.5569442384858112, -402.11130803197
6179, 1.106612685560054, 0.7471681818134784, -32.48150942392835
6180, 9.652421652421651, 7.786184877070595, -19.33438926057322
6182, 4.450968878449794, 3.629353085765766, -18.45925718919393
6183, 1.8666666666666667, 1.9078832922518287, 2.2080335134908236
6185, 0.840534171249018, 0.933602099228549, 11.072474048405887
6186, -0.34, -2.188244688742386, 543.6013790418781
6187, 3.729216152019003, 3.575932861804152, -4.110335361812243
6188, 1.3254310344827585, 1.0451512771986238, -21.14631014306317
6190, 1.6524216524216522, 1.55491520384097, -5.900821284796462
6191, 0.7681862269641125, 1.0616766961970476, 38.20564062868132
6194, 0.8076923076923077, 0.15119102966648626, -81.28111061272075
6195, 3.644251626898048, 3.9989063133192895, 9.73189347858288
6198, 0.7960199004975124, -0.7601160736720437, -195.4895817550505
6203, 3.7624999999999997, 3.3914096667532934, -9.862865999912461
6204, 1.2742382271468145, 0.928171396611376, -27.158723005063752
6205, 1.9637883008356547, 1.7549890055791406, -10.632474751360078
6207, 4.0, 3.491502185491846, -12.71244536270385
6208, 2.1515151515151514, 2.023751318278761, -5.938319009578709
6210, 2.571428571428571, 2.546593825556249, -0.9657956728125368
6212, 7.519607843137255, 5.430793995294812, -27.778228484997282
6213, 5.858085808580858, 5.045401034743069, -13.872872477343673
6214, 3.8975501113585747, 4.891686470746684, 25.50669859230064
6215, 0.5917874396135265, 0.22493330564825487, -61.990861821070396
6217, 0.8307210031347962, 0.7595011260076535, -8.573260680588124
6218, 1.6951788491446345, 1.637752560551532, -3.3876241803087077
6219, 0.7077922077922078, -0.48526640789364806, -168.5605750602035
6220, 2.841091492776886, 2.0570724318207625, -27.595699151167512
6221, 3.233082706766917, 2.8110860035545437, -13.052456169126895
6222, 1.0655737704918031, -10.48645805731416, -1084.1137561479443
6223, 4.230287859824781, 1.5599861686081362, -63.123403884085775
6224, 4.375, 4.536828418992128, 3.6989352912486395
6226, 0.2608695652173913, 0.2473536282516644, -5.18110917019531
6227, 2.720105124835742, 2.636971942205919, -3.0562488879852787
6228, -1.0357142857142858, -1.597206792174234, 54.21306958923636
6229, 0.7756232686980609, 0.6826913897994845, -11.981574386566452
6230, 6.906141367323291, 5.984864062032913, -13.33997171922141
6231, 1.736842105263158, 1.722751355844623, -0.8112855725823148
6233, -0.3398058252427184, -0.32673589775532036, -3.8462929462914257
6234, 0.9257265877287406, 0.6433688719779342, -30.501199759592918
6236, -2.050473186119874, -1.6067579448533709, -21.639650997150994
6237, -0.32869785082174463, -0.0062366012412693956, -98.10263400698304
6238, 9.820359281437126, 9.445371698849062, -3.8184711153784563
6240, 1.2987012987012987, -0.03170843836752925, -102.44154975429976
6241, -1.2236286919831225, -1.780588909447856, 45.517093634186836
6242, 3.4684684684684686, 3.7344985655298157, 7.669958642547932
6243, -0.8, -0.8348088705093486, 4.351108813668569
6244, -12.716848529683745, -9.060457783671524, -28.752333862257238
6245, 4.376146788990826, 4.125431706434751, -5.729128720883043
6246, 0.6418918918918919, 0.4971273858594061, -22.552786202955684
6247, -0.87893864013267, -1.3440769376100712, 52.920451580919426
6259, -0.18867924528301885, -0.2525495611901859, 33.851267430798536
6261, 3.416342412451362, 3.2708566911860966, -4.258522820634767
6263, 4.816, 4.879528074434579, 1.3191045356017275
6264, 0.03436426116838488, -3.5076888126013452, -10307.374444669913
6265, -1.3197969543147208, -0.9312738347979197, -29.43809790184993
6266, 2.8199566160520604, 2.5911976421781495, -8.112145150451763
6270, 0.970873786407767, 0.7326675918179562, -24.535238042750517
6274, 7.4422375354681805, 6.232849439016225, -16.25032916093123
6275, -0.475482912332838, -0.775248386133538, 63.044426208709716
6276, 0.02967359050445104, -0.7590398594422956, -2657.964326320536
6278, 2.585499316005472, 1.965396298503808, -23.983878613424146
6279, 5.987654320987654, 6.340422197190662, 5.891587210813123
6283, 0.17555705604321403, 0.07525612569552566, -57.13295301727942
6284, 1.7953929539295395, 1.5747065741390454, -12.291814964934689
6287, -0.07544797233574348, -0.12357194296891616, 63.7843127433843
6290, 1.1371712864250179, 1.1708622178680448, 2.96269628377118
6291, -2.5555555555555554, -0.5702559957116053, -77.68563495041543
6292, 1.9189765458422174, 2.889439592540894, 50.571907655742145
6294, 8.632478632478634, 9.266957208761369, 7.34990033911683
6508, 2.156398104265403, 1.88015979759576, -12.810172023581238
6509, 0.9596819988642817, 0.9232466307301522, -3.796608478355151
6603, 0.8191126279863481, 0.9596540964801878, 17.157770945289602
6609, 4.013793103448276, 3.930067748726176, -2.085940968162295
8021, 1.7770034843205575, 1.703699057992985, -4.125170658041831
8032, 2.8378378378378377, 2.8123250034721847, -0.8990236871706293
8033, -0.26508226691042047, -0.16385324607750545, -38.18777544524449
8034, 1.0492845786963434, 0.5959091829375069, -43.20804908065275
8039, 3.247250119560019, 2.959194638899568, -8.870751252739366
8042, 1.040983606557377, 1.659578942326522, 59.42411886916196
8043, 5.043804755944931, 5.237828695263401, 3.8467773577036555
8044, -15.07679180887372, -18.380150940113616, 21.910225816712835
8047, -0.14388489208633093, -0.24316716386906495, 69.00117888900014
8049, 2.519019442096365, 2.4020921983693695, -4.6417761519810625
8050, 1.9387755102040816, 1.8164102607487818, -6.311470761378622
8054, 1.4209827357237717, 1.100898966602899, -22.52552132224459
8066, 14.933774834437086, 12.49166642865086, -16.352921032094024
8067, -2.3000000000000003, -2.956227776060321, 28.531642437405246
8068, 0.014556040756914121, 0.16196003098985767, 1012.665412900322
8069, 2.3603682595352913, 1.4502357350836026, -38.558920658883764
8070, 20.594679186228483, 16.854434272007975, -18.161219606283467
8071, 1.9845857418111754, 1.3522886543467207, -31.86040664019922
8074, 1.2515042117930206, 1.581615544198893, 26.377165118199997
8076, 1.0378086419753088, 1.0076019106410827, -2.9106263055135257
8080, -6.25, -3.853355938605886, -38.346304982305824
8081, 5.4988399071925755, 4.657378320162645, -15.30252928311814
8083, 8.660968660968662, 8.770389570717104, 1.263379582950761
8084, -0.40238450074515647, 0.47279384141356956, -217.49802503277968
8085, -1.207883026064844, -0.6792648066246356, -43.76402416733937
8087, -0.6020066889632107, -0.6464341949461284, 7.37990238271799
8088, 0.5254515599343186, 0.1870279684821077, -64.40623974824888
8091, 6.402714932126696, 6.935151214881714, 8.315789292498858
8092, 0.025706940874035987, -0.09677956454165783, -476.4725060670489
8093, -0.14018691588785046, -0.2475692073418489, 76.59936790385223
8096, -1.002865329512894, -0.4675190010508291, -53.381676752360185
8099, 1.130952380952381, 1.3772178312427177, 21.775050341461355
8103, 2.506142506142506, 1.970455548275132, -21.374959985492286
8105, -0.3012457531143828, 0.5216218425783199, -273.1549199235551
8107, 1.6533333333333333, 2.2442693690674744, 35.74209893553273
8109, 6.984848484848484, 6.568161070563674, -5.965589879131778
8111, 1.9456617002629273, 1.5694513952168707, -19.33585396655633
8112, 4.14002642007926, 4.483960210478847, 8.307526462427813
8114, 10.106809078771695, 12.480452458159858, 23.485586409005734
8121, 0.7401315789473684, 1.0040263569161618, 35.65511666778365
8183, 1.1871393239901071, 1.3784766488973466, 16.117512160588987
8210, 5.363408521303258, 4.463241737138755, -16.783483499141898
8240, 1.58, 2.275351744767965, 44.009604099238295
8261, 1.968019680196802, 1.7858073642088266, -9.258663306138999
8277, -0.8296943231441047, -0.32012696721085154, -61.416276057218425
8287, 1.0851648351648353, -15.786586123682145, -1554.763885827924
8299, 21.90766108574328, 23.939582776503656, 9.274936666254524
8354, 3.181169757489301, 0.8969049966375429, -71.80581154067634
8374, 1.2780269058295965, 1.7505974115548169, 36.9765693953418
8383, 2.563451776649746, 3.6088252184269125, 40.7799144614063
8905, 1.8927973199329984, 2.0334566941046965, 7.431296139867592
8908, 1.9891172914147521, 2.0220766114023143, 1.6569822267303298
8913, 0.05208333333333333, -0.009322753906250002, -117.8996875
8916, 5.72463768115942, 5.870370338244925, 2.5457097060505913
8917, 1.9885433715220948, 2.0097774759457305, 1.0678220413861252
8921, 0.32188841201716734, 0.2841104185397547, -11.736363306982856
8923, 0.9539473684210527, 0.9271197970510723, -2.8122695505082875
8924, 0.45346062052505964, 0.7204111777340954, 58.869622879255765
8927, 0.40145985401459855, 0.5422201109453426, 35.06210036274898
8928, 1.5913555992141455, 0.9125597213073804, -42.655197759820176
8929, 0.6924643584521385, 0.7918590303509911, 14.353759971275485
8930, 0.7160804020100503, 0.6546111364011025, -8.584129021881136
8931, 1.1941580756013745, 0.9914725876757853, -16.97308690254575
8932, 5.819672131147541, -1.0237559327420869, -117.59129912599077
8933, -6.8965517241379315, -0.4751995707284248, -93.10960622443784
8934, 3.5294117647058827, 3.6057637542697836, 2.163306370977191
8935, 2.1589561091340452, 1.4667364569305015, -32.06270147294436
8936, 1.1116031886625333, 0.05915349660775174, -94.67854201831459
8937, 0.1103448275862069, -0.0643566347075321, -158.323200203701
8938, 4.464153732446415, 4.122306403495494, -7.657606557460205
8940, -0.48888888888888893, -1.8796361064582063, 284.47102177554217
8941, 3.192307692307692, 0.7962945591130051, -75.05583308802636
8942, 7.81664656212304, 6.858563870595059, -12.256952951800864
9946, 1.2344361437210958, 1.0713083700972543, -13.214759990104275
9949, -0.5106382978723404, -0.5074631260106353, -0.621804489583921
9950, -2.968906720160481, -3.2093595551207104, 8.099036366734751
9951, 7.703604806408545, 7.895129260250231, 2.486166653854818
9955, -2.616279069767442, -2.429224233195029, -7.149651531212228
9960, 1.0416666666666667, 0.8609992225933272, -17.3440746310406
1336, 1.2707838479809976, 1.3648333821882739, 7.400907271264168
1558, 15.553719008264464, 12.054049745099107, -22.500530331722008
1566, 0.8786127167630058, 1.1040465845234277, 25.65793363325855
1582, 7.194826192400971, 6.48914591083967, -9.808163014509311
1752, 1.0, 1.2252870108749272, 22.52870108749272
1784, 0.7459677419354839, 0.5856195764049237, -21.495321649502124
1788, 6.942857142857143, 7.313157933234802, 5.333550478690557
1795, 0.5205709487825356, 0.21747068820001753, -58.22458231512566
2061, -0.32367972742759793, 0.04870647758848905, -115.04773807602267
2114, 5.851851851851851, 6.245196553063245, 6.721713248549134
2221, 3.5377358490566033, 3.533606089471305, -0.11673453761110392
3073, -0.7526881720430108, -0.8998879928315412, 19.556547619047613
3092, 5.549295774647888, 4.927544060825208, -11.204155249088899
3094, 0.448642266824085, 0.4426886405706765, -1.3270319570097382
3118, 1.2, 1.4098123729938659, 17.484364416155493
3128, 0.3571428571428571, 0.5020316687854229, 40.56886725991844
3130, 8.493975903614459, 8.810043283772627, 3.7210769578904928
3149, -0.6007751937984497, -0.2819454409376473, -53.069726605217426
3152, 10.98550724637681, 10.813071698401275, -1.5696639591440547
3164, 1.7772778402699663, 1.9985742793351577, 12.451426223351596
3169, 2.2532588454376166, 1.893316735984334, -15.974290312100228
3176, -6.106705118961788, -4.781711594479105, -21.697355589816784
3206, 2.1928166351606806, 1.6793141129841638, -23.4174857096015
3221, 0.3225806451612903, 0.713678947892943, 121.2404738468123
3227, 6.01177336276674, 6.488941891058781, 7.937234148701148
3230, -1.5877437325905293, -2.1737333403284427, 36.907064768054546
3234, -2.4234354194407457, -3.6273849714996547, 49.67945679100223
3259, -0.24721878862793573, -0.22031796305977813, -10.881383942319745
3287, -0.2727272727272727, -0.24810292481625273, -9.02892756737399
3293, 12.567760342368047, 12.276805226107108, -2.315091220192034
3294, -0.030303030303030304, -0.26617145932471264, 778.3658157715518
3303, 2.195629552549428, 1.8659698891026235, -15.014357183525068
3308, -1.5821501014198782, -1.4092306451537882, -10.929396402459284
3310, 5.418326693227091, 5.016091110707767, -7.423612589143415
3313, -0.3341288782816229, -1.635126356957527, 389.36995968943125
3317, 2.495921696574225, 2.486616588059359, -0.37281251762175055
3322, 3.8657407407407405, 2.5221974613278535, -34.75513153930343
3323, 2.3847926267281103, 2.741527449305605, 14.958735555423457
3332, 2.7234927234927238, 2.955209352517082, 8.508068592421097
3339, -0.2286902286902287, -0.03594091817180963, -84.28401669032688
3360, 0.5555555555555556, -1.0062274128275646, -281.12093430896164
3363, 2.2193548387096773, 0.804250321041753, -63.76197681352566
3373, 0.3233256351039261, 0.2295260432387523, -29.01087376972875
3379, -1.0263157894736843, -3.099920076760866, 202.04349465875106
3388, 7.519500780031201, 7.260008086764498, -3.450929800497031
3390, 1.2238805970149254, 0.7060209047106668, -42.312926078518686
3402, 3.5616438356164384, 3.4796289718162496, -2.3027250220822224
3416, 2.839335180055402, 2.5326657043972856, -10.80074933781268
3419, 0.5477178423236515, -0.5720047575424121, -204.43420194524342
3438, -1.3649851632047478, -1.3141047704795006, -3.727541814871374
3441, -0.5750000000000001, -0.5445665042278593, -5.292781873415777
3443, 7.3731343283582085, 7.994856212721791, 8.432260374971664
3450, 6.760466712422787, 6.777499281459992, 0.2519436861645494
3452, -3.427230046948357, -5.271433192754227, 53.81031096666442
3454, 3.1479289940828403, 3.6172098174965694, 14.90760510468425
3455, 4.7317073170731705, 4.448623214491745, -5.98270526074147
3465, -0.8962264150943395, -1.489341085271318, 66.1791105671155
3466, -0.45977011494252873, -2.5422492971442905, 452.9392221288832
3481, 0.22336994202228674, 0.6675003583014217, 198.83177309273862
3483, 0.7792207792207793, 0.49429881357108685, -36.564985591710524
3499, 0.4545454545454546, -0.0037420073616125727, -100.82324161955476
3501, 5.99323753169907, 5.549655576010313, -7.40137452157687
3504, 1.5775635407537247, 1.2707131037764952, -19.45090825505661
4128, -1.7328944274629674, -1.8460345077208227, 6.52896555409306
4130, 0.5753968253968254, 1.0238914127290282, 77.94526621221732
4426, 2.072678331090175, 1.8880102186528294, -8.909636853308301
6251, -0.8573461401636429, -1.2586331323756381, 46.80571514970617
6271, 6.130592503022974, 6.002382891743982, -2.091308649462072
6506, 1.251548946716233, 1.3783900384756134, 10.134728816813851
8024, 0.13157894736842105, -0.1322135304735881, -200.48228315992696
8040, -1.0278113663845223, -0.5992716278373533, -41.69439573864809
8046, -0.9037449705973383, -2.2819834284077682, 152.5030293556678
8048, 2.176360225140713, 2.1001898311091765, -3.499898277483534
8064, 2.5606796116504853, 1.7180077196464199, -32.90813455030094
8086, 2.0539419087136928, 1.8974008052336009, -7.621496149232756
8110, 0.7693768996960486, 0.984254017593616, 27.928719718834433
8163, 5.45, 4.672902364240884, -14.258672215763596
8182, 1.5046728971962617, 1.3079082148108303, -13.076907462882708
8213, 4.457964601769912, 3.569691413865362, -19.925532552499075
8215, 1.0134081696289368, 1.2447640301893947, 22.82948445591965
8234, 1.1260623229461757, 0.9856901488906361, -12.465755331221501
8255, 6.7556742323097465, 7.040755925116182, 4.219885136601185
8271, 3.557978196233895, 3.9598906585581894, 11.296091211287266
8289, 1.5604681404421328, 1.3602542698707327, -12.830372205783885
8291, -0.8421052631578947, -0.3950945217246435, -53.08252554519858
8349, 6.368330464716006, 6.797870924298807, 6.744946135611003
8390, 0.5399792315680165, 0.6177810665281935, 14.408301358971245
8996, 2.5727069351230423, 2.337395795120028, -9.146441702725863
9958, 0.019455252918287938, 0.15985017010678942, 721.6298743488977
9962, 1.042128603104213, 1.2297766967066333, 18.00623196057267
2107, 0.5837837837837838, 0.5231345717928673, -10.388985387332927
2402, 0.4569807752915222, 0.0934154081341481, -79.55813172347229
8101, -3.431042767900048, -4.933054372069973, 43.777116922655665
3489, 0.5415162454873647, -0.13283251933885812, -124.52973857124246
3490, -0.6983655274888558, -0.5399969438274635, -22.677033362578086
3494, -2.350974930362117, -2.623399212982833, 11.587715338961742
3498, -0.8099688473520249, -0.37600388500891413, -53.57798188928407
3512, -0.5070422535211268, -1.2509412873423837, 146.71342055919237
2035, -4.12, -2.231403269414759, -45.83972647051556
3484, 1.7790530846484938, 2.00895711321066, 12.922831282889508
3508, -1.1328125, 0.05333555153331164, -104.70824179052683
3518, -4.183168316831683, -3.7136996915567497, -11.222800272844555
4725, 1.1369863013698631, 1.1450263018202702, 0.7071325697345996
3527, 6.2745098039215685, 5.807205182834821, -7.447667398570042
3523, -2.705882352941176, -4.609416185831972, 70.347989476399
3522, 0.3305785123966942, -1.0974557569490255, -431.9803664770802
3521, -0.5353319057815846, -0.7350765432504303, 37.31229827918036
3520, 0.15463917525773196, -0.7610688311972404, -592.1578441742155
3519, -17.140552995391705, -9.178208604249852, -46.45325266508354
3516, -1.0597302504816954, -0.9876606743193995, -6.800747277860289
3515, 4.9130074565037285, 5.155844925752696, 4.942745790615576
3491, 4.6113074204946995, 3.7276838567385377, -19.162104869194927
3540, 2.027027027027027, 2.233757161254511, 10.198686621889193
2718, -0.48672566371681414, -0.6106949823661836, 25.470060013415907
2636, 3.102282333051564, 2.9805872376243157, -3.922760160502306
2597, 5.4222222222222225, 4.591916073398399, -15.313023236504945
2596, 3.87, 2.8481144135940766, -26.405312310230585
2231, 9.051348999129678, 9.35527039963133, 3.357747011311522
2049, 16.26746506986028, 17.19889492024624, 5.725722147771363
2038, -1.1196911196911197, 0.20240956138012978, -118.07726772325987
1813, 0.9442060085836911, 0.622263071089492, -34.096683834612904
1799, -3.2287449392712553, -3.1859763245476818, -1.3246204183978254
3526, 5.246153846153846, 4.365671013721705, -16.783397099146377
1583, 6.938405797101449, 5.876198339341031, -15.30909965231725
2062, 0.6731946144430845, 0.7813315215341375, 16.063246016980063
3383, -1.1147221319467013, -0.9604601537694037, -13.838603698295762
3532, 14.388860237235688, 13.232889543640912, -8.033789157276958
3533, 18.267379679144383, 15.078786970003302, -17.455118167721963
3545, -8.329427519250084, -0.2238309311083575, -97.31276932789122
8131, 3.211216644052465, 3.7099502903779484, 15.530987211628789
8201, -0.46474358974358976, -1.101679118787867, 137.05095521504447
1580, 9.661354581673308, 8.806530882713174, -8.847865915010045
1584, -0.8363636363636363, -0.7019293473933634, -16.073664985576105
3434, 0.30837004405286345, 0.15637645450965793, -49.28934975186807
3444, 1.5345268542199488, 1.487457175821284, -3.067374042312991
3479, 3.800578034682081, 3.66709043616589, -3.5122972689431236
3511, 1.1659192825112108, -1.7651383556235554, -251.39455896309727
3529, 8.08707124010554, 7.8852268430831876, -2.495889933816373
3531, 1.2581699346405228, 1.395843934823273, 10.942401053486114
3535, 1.0619469026548671, 0.4263746669048116, -59.84971886646356
3536, -0.6086142322097379, -0.420869593410407, -30.84788834425929
3537, 2.9363449691991788, 2.8307169945166493, -3.597260396530899
3541, 4.239350912778905, 3.787896194906104, -10.649147172789032
3546, 4.580335731414868, 5.175521258786678, 12.994364655185592
3548, 7.470881863560733, 7.038327638782201, -5.789868353939808
3550, 1.447058823529412, 1.5790596018875536, 9.12200500848946
3551, 3.116197183098591, 2.7929833258308516, -10.372060504411076
3552, -3.0490654205607477, -0.6631765603587363, -78.24984154532267
5907, 2.4860759493670885, 3.327650017118515, 33.851502725235584
3555, -0.5337078651685393, 1.4200693231098684, -366.0761468563754
3556, 3.277310924369748, 3.159899333927003, -3.5825587853042595
3562, -0.9346991037131882, -2.285206697585422, 144.48581244030336
3563, 30.704225352112676, 29.592290486439534, -3.621439241412526
3567, 2.619718309859155, 2.601629373184273, -0.6904916687723852
3570, 4.327485380116959, 3.771266367121549, -12.853169084083117
3576, -0.18443437475157007, -2.784987605052252, 1410.0154777565638
3577, 2.0582120582120584, 2.2398499871632334, 8.825034729850014
3580, 2.9367088607594938, 2.3181462449785952, -21.063123554608183
3588, 0.7872340425531915, 0.7418171026165161, -5.769178856820928
3591, 0.35200000000000004, -0.4112068251804682, -216.82012078990573
3593, -2.3333333333333335, -1.7582134946099126, -24.64799308814661
3596, 4.545454545454545, 4.815479209372609, 5.940542606197406
3605, 1.8137254901960784, 0.9738573786370709, -46.30624182649663
4729, -0.3151862464183381, 0.03825743623347938, -112.13804113225845
8358, 2.905779889152811, 3.0742001415585656, 5.796043018759353
3607, -7.321281840591619, -5.98894811476936, -18.198093651242306
3587, 4.125200642054574, 4.049023863431229, -1.846619964293553
3528, 2.698170731707317, 2.650282365888104, -1.7748456484408912
2719, -2.9476584022038566, -2.459812036890132, -16.550301926063735
1773, 6.2, 6.460035292765576, 4.194117625251219
8059, -1.7770034843205575, -1.9915154563174022, 12.071556071194985
4911, -0.4129263913824058, -0.33572710951526036, -18.69565217391304
4133, 0.7590759075907592, 0.7010509403337213, -7.644158729948902
3630, -1.9389027431421446, -5.881162978877525, 203.3242899716897
3629, -1.2345679012345678, -5.7124862298195636, 362.71138461538465
3625, 1.071863580998782, 1.0711950499745413, -0.06237090578427372
3624, 2.36999147485081, 2.2629781202336203, -4.515347660646167
3623, 2.525597269624573, 2.552618671122984, 1.0699014377073515
3622, 0.8129543952412426, 0.630709800007645, -22.417566877108385
3617, 7.320987654320987, 7.369989530379792, 0.6693342260983439
3615, 0.3941605839416058, 0.5976771866527633, 51.63291587301588
8401, 0.9569377990430622, 0.9220933604269617, -3.6412438353825056
3609, 0.7260726072607261, 0.7009994253722553, -3.453260960093925
2063, 3.6666666666666665, 3.5486708129281874, -3.2180687383221573
3664, -0.761904761904762, -1.2327203428169298, 61.794544994722024
3131, 11.255060728744938, 9.582787535532765, -14.857966860554209
3632, -1.2392426850258176, -1.0307929837943075, -16.82073283548713
2208, -8.310991957104557, -8.79545427837066, 5.829175672008264
3611, 17.82383419689119, 17.41254388925028, -2.3075299236830187
3653, 4.515539305301645, 3.7174287394170307, -17.67475625663498
2634, 2.221042573521605, 2.3341481562728856, 5.092454512114301
3631, -0.2127659574468085, -0.4753252392078626, 123.40286242769545
4736, 11.044226044226043, 10.503503237784614, -4.895977357545315
6803, 14.605067064083457, 14.380274108849914, -1.5391436016500737
8403, 1.375770020533881, 0.7964806153047416, -42.106558260685205
1337, -7.018587360594796, -1.8314726686163452, -73.90539471092178
1590, 15.021164021164022, 15.931069441681466, 6.057489414504993
1762, 3.015463917525773, 4.713090635203997, 56.29736465462829
1789, 0.5602630580498292, 0.5130609808082459, -8.424984757318269
2637, 2.872340425531915, 2.43447089571578, -15.244346593598776
2723, 9.222222222222223, 10.67556261758, 15.759112720746984
3257, 1.6282420749279538, 1.3128647020879423, -19.369194402740533
3432, 4.2042042042042045, 3.4383005725711, -18.21756495241599
3645, 3.073803730738037, 2.964521106479896, -3.555289596577518
3665, 11.814345991561181, 11.266487890905385, -4.637227494836562
3669, 0.4951560818083961, -0.09349512716947994, -118.88195068270583
3673, 0.8974674207032209, 1.2126214041395462, 35.115924674946164
3679, 3.884430176565008, 2.939692611971263, -24.321136476938147
3686, -5.283180778032036, -3.30936253989101, -37.36041451294547
3694, -0.783012607830126, -0.35261895450671815, -54.966375894777606
3698, 0.09575923392612859, 0.28871307571275495, 201.4989404943198
3703, 2.4514091350826046, 1.7614830216453525, -28.144062268659358
3704, -1.3621940163191295, -1.8584299396664261, 36.42916628632734
3705, 2.5713213213213217, 2.4846566898382303, -3.370431799575994
4144, 1.569390402075227, 1.8746986097793377, 19.45393620990656
4737, 2.154882154882155, 1.9044959347166133, -11.619485529557164
4746, 1.2626262626262628, 0.8839454213928287, -29.99152262568797
4919, 3.4248554913294798, 3.366189621890202, -1.7129443735012782
4930, -2.0104244229337302, -2.163266801049691, 7.602493104064278
4934, -5.172510518934081, -3.96049420104129, -23.43187729548699
4935, 1.2910618792971733, 1.0008618657535522, -22.477622350804737
4938, 4.255091103965702, 4.584387526665409, 7.7388806644540615
4942, 4.4873595505617985, 4.1019972780927425, -8.587728888825282
4952, 2.610294117647059, 2.738591444696548, 4.915052529219866
4956, -0.7669322709163346, 0.24855767327496842, -132.4093381776712
4958, 14.335777308313657, 10.171865812576952, -29.045592758489313
4960, -1.45861499173802, -1.8425226439716902, 26.320012779809915
5215, 3.1675874769797425, 2.989612505589906, -5.618628457248906
5871, 10.773167894532765, 10.433233844960522, -3.155376885426195
5906, 0.3, 0.3372229471751453, 12.407649058381764
8011, -0.6829679595278246, -0.5435265429532509, -20.41697778486969
8404, 1.281699794379712, 1.3413827704094903, 4.6565487715212095
8411, -0.7924743443557583, -0.6242825971901731, -21.22362046967168
8422, 12.130394857667586, 12.740565059395717, 5.030093487372709
1258, -4.21195652173913, -3.38653410852017, -19.597125681585634
1259, 3.734567901234568, 3.9297024181921203, 5.225089544979085
1586, 1.3333333333333333, 1.4069332860489592, 5.5199964536719435
1595, 4.182590233545648, 7.470703197794267, 78.61427442442128
2233, 6.832504145936982, 8.674795626673955, 26.963635021465894
2924, -3.8719512195121952, -3.7685048113822335, -2.671686761151768
3105, 7.234544596507787, 7.895034779449325, 9.129671869883369
3628, 1.6666666666666665, 2.281400611953252, 36.88403671719514
3642, -1.7664670658682635, -2.3171468321829667, 31.174074906628956
3652, 0.25477707006369427, 0.1291505481217137, -49.30840986222737
3680, 0.28328611898017, -1.9518161735017832, -788.9911092461296
3685, 1.3625, 3.5313762980225274, 159.18358150624056
3687, -4.51827242524917, -4.3263802700783325, -4.247024904883971
3691, -20.83606557377049, -10.807477184725474, -48.13091201665979
4138, 4.066666666666666, 4.2303974492231236, 4.026166784175175
4139, 0.5714285714285714, 0.48543781599999164, -15.048382200001459
4154, -1.8106995884773665, -0.9718856720956788, -46.3254049274432
4430, 2.575488454706927, 2.2390150855629294, -13.064448746763501
4728, 1.3761467889908259, 1.0097859308575563, -26.62222235768425
4735, 2.903225806451613, 2.2882645370906856, -21.1819992779875
4739, 4.622844827586206, 6.091790937113415, 31.77580395434148
4743, -1.2512768130745657, -2.142727272727273, 71.2432653061225
4912, 10.253164556962025, 8.57551942376268, -16.36221796577139
4924, 0.08064516129032258, -0.10401981918491973, -228.9845757893005
4927, 4.894242068155112, 3.5333895577407413, -27.805173742199983
4933, 1.7992177314211213, 1.4491285424417137, -19.45785564834823
4939, 1.1405295315682282, 1.2662155716087555, 11.01997243926766
4944, -2.738892270237371, -2.901579384449375, 5.939887303340496
4946, 0.36630036630036633, 0.7550627326890755, 106.13212602411761
4947, 13.696428571428571, 15.1672672088128, 10.738847939180815
4966, 24.924050632911392, 22.690635578190907, -8.960883155049178
4974, 4.662068965517242, 4.58134230161528, -1.7315630570687146
4979, -6.754130223517979, -5.147441317952964, -23.78824293275396
4994, -2.587917042380523, -3.354210853383978, 29.61044726142269
5536, 23.523985239852397, 23.098301606279158, -1.8095727795819276
8171, -1.3203883495145632, -1.4833625580012997, 12.342899613333719
8410, 2.814207650273224, 2.846392918652999, 1.1436707016502565
8418, -1.7894736842105263, -4.449672284446701, 148.65815707202154
8426, -0.47808764940239046, -2.49493652706219, 421.8575569105081
1339, 3.8461538461538463, 4.677638490490752, 21.618600752759548
1591, 1.4457831325301205, 0.9132473399235057, -36.833725655290856
1593, 3.793103448275862, 3.5478853959014995, -6.464839562596832
2722, 0.17937219730941703, -0.103060560518438, -157.4562624890292
2724, -0.05865102639296188, -1.3370006986204852, 2179.586191147927
2727, 5.22077922077922, 5.446209732472857, 4.317947612042302
3646, 1.227621483375959, 1.495279641150182, 21.802987435358578
4142, -2.801851072780816, -6.242457385468429, 122.79761569457139
4950, -2.445414847161572, -2.374158848562188, -2.9138613712962353
4973, 1.3198757763975155, 0.34448955639826917, -73.8998500799429
4987, 5.476190476190476, 5.139995384409913, -6.139214719471162
4995, 2.72972972972973, 2.0020726334701, -26.65674511050129
5230, 1.8653846153846154, 2.1768203822862837, 16.695525648336858
8423, 2.0952380952380953, 1.5948638581094063, -23.881497681141976
8432, 1.5104166666666665, 1.5817212863405525, 4.720857578409006
4429, -0.7848837209302326, -0.7771615537750753, -0.9838612968052236
8406, 8.875675675675677, 8.467082155649596, -4.603520170817594
1589, -2.4551971326164876, -2.497605740293051, 1.7272994951476144
4141, 0.5610753945061367, -0.06018839489069547, -110.72732746437293
8427, -0.4793863854266539, -12.24587135519731, 2454.488764694159
5278, 13.333333333333332, 9.875652034302593, -25.932609742730545
3049, 0.24155244945040033, 0.6810443387750466, 181.94470406928752
3324, 2.7951807228915664, 1.7514479320509135, -37.34044036197163
3141, 2.7917981072555205, 2.539903041531729, -9.022682015191176
6199, 0.21035598705501618, 0.5628964975096973, 167.59233496999454
3285, 1.7913832199546487, 1.640418102623962, -8.427293258586436
6504, 8.168044077134986, 8.554045073378791, 4.725745755025335
8176, 0.06896551724137931, 0.2931692111545554, 325.09535617410535
2230, 0.25252525252525254, 0.14485092879130232, -42.63903219864428
3594, 0.380952380952381, -0.7728564204429527, -302.8748103662751
1338, 5.894988066825776, 7.195523567175389, 22.061715572732307
1597, 6.382113821138211, 6.042271356533011, -5.32492014604327
1599, 3.467741935483871, 2.27825900515301, -34.3013682234946
2640, 4.51171875, 4.492422994511448, -0.42768081429172033
2729, 15.150214592274677, 15.555350131842262, 2.6741240996953906
3163, 0.9561752988047809, 0.21127559876887436, -77.90409362875522
3663, 0.5714285714285714, 0.4402297053374822, -22.959801565940612
3675, 2.59009009009009, 2.7742735984216953, 7.111085017324585
3689, 1.1190817790530847, 1.7710495871258949, 58.25917464445496
4152, -14.09375, -17.023483487968143, 20.787465990017864
4153, 0.6989247311827956, 0.02241173342816012, -96.79339814027863
4160, 0.7024793388429752, 0.5954420269451243, -15.237076164282309
4161, 0.43643263757115747, 0.48845327318350257, 11.919510855524292
4162, 0.8757637474541752, 0.7187378495190189, -17.930166485153894
4163, 7.263681592039801, 6.337700730059699, -12.74809268890415
4164, 2.2730521801286634, 0.09485682844537659, -95.82689613223012
4432, 1.4624505928853755, 1.9344868713940149, 32.27707526018534
4745, 4.780487804878049, 4.59358189276038, -3.9097665289920522
4915, 4.277094972067039, 4.298699865946368, 0.5051300946185794
4972, 2.6500000000000004, 7.333382966114313, 176.73143268355895
4976, 0.42517006802721086, 0.4459233140880478, 4.881163473508851
4999, 6.317204301075269, 5.944897072261764, -5.893544217813784
5234, 6.387536514118793, 6.128857298213672, -4.049749309978027
5251, -1.5406162464985995, -1.141782130114704, -25.88795991800922
5263, 4.858757062146893, 4.920238168104704, 1.265366948201461
5269, 15.933333333333334, 14.396521887750955, -9.645260118717855
8155, 7.349397590361447, 7.866487182418167, 7.03580920339472
8416, 9.680851063829788, 9.90426211884146, 2.3077625462744153
8421, 0.5420560747663551, 0.4257102313918961, -21.46380213977088
8424, 4.792243767313019, 4.801996169124162, 0.2035038759434905
8433, 6.368821292775665, 5.935189494060628, -6.808666451465946
8435, 3.34384858044164, 3.2783852365738007, -1.9577245288778375
2867, -0.1315345699831366, -1.7749199136470284, 1249.3942420419075
3583, 5.154130702836005, 4.383694343000755, -14.947939900152813
2926, 7.2784810126582276, 7.579907215076923, 4.141333911491641
8147, 0.7407407407407407, 1.3334497176855808, 80.01571188755342
5274, 20.117302052785924, 19.282315245888935, -4.1505903957999015
2929, 11.549636803874092, 11.022981329610657, -4.55993104550941
4157, -163.33333333333331, -361.31861344537816, 121.2154776196193
3167, 5.593008739076155, 5.566657712730345, -0.47114223444182596
3338, 1.583815028901734, 0.6116458291617612, -61.38148596898368
8038, -2.7886323268206037, -10.11811253244979, 262.83422648211666
3558, 10.244399185336048, 10.556484713413726, 3.0464014768616217
3564, -2.175438596491228, -3.5563353347074447, 63.47670490187447
4726, -2.4909090909090907, -3.5894151176967632, 44.10060691483358
1340, 0.9712230215827339, 2.215004544619431, 128.06343089044506
4137, 15.333333333333334, 14.539478954644023, -5.17731116536507
5243, 2.1613832853025934, 2.044730290152235, -5.397145242289912
1262, -2.717258261933905, -1.7922356664591819, -34.04249822084904
1783, 0.8050847457627118, 0.7132788389969373, -11.403259998275148
1786, 1.638418079096045, 1.3199685729093769, -19.436400894841473
1817, 3.4986225895316805, 3.4659432472247893, -0.9340630911339761
2066, 3.041095890410959, 5.851200739651498, 92.40434864619789
3682, -0.7603182727653436, -0.9215723880104012, 21.208764937157486
3684, 1.910569105691057, 2.0591648153952606, 7.777562678134915
3693, -0.2077922077922078, -0.3635723152046014, 74.96917669221442
4536, 9.129955947136564, 7.383686607045409, -19.126810142373568
4747, 1.9, 1.8335053408198096, -3.4997189042205403
4916, 3.54014598540146, 3.1609386765338776, -10.711629137084282
4953, 4.20265780730897, 5.314117179475753, 26.4465826895021
5259, -2.213740458015267, -3.753190621488157, 69.54067979825813
8409, -0.3571428571428571, -1.7176326069874888, 380.9371299564969
8436, 17.68101761252446, 16.310235936547414, -7.752843789975324
2734, -2.871287128712871, -3.662160183071737, 27.544199479394983
2731, 3.8, 4.881297453434545, 28.455196143014348
2712, -0.29523809523809524, -0.6362918035787457, 115.51819153473643
2642, 0.712041884816754, 0.4728765614135, -33.588659389721705
2228, 6.62269129287599, 7.640517351210706, 15.368767972464436
5272, -0.32758620689655177, 0.12390577520555543, -137.82386822064322
1626, -0.1465798045602606, -2.006348442100857, 1268.77549272214
2923, 0.9383439636844222, 0.6033626949298978, -35.699197918769066
5225, 4.025974025974026, 2.732297031941883, -32.13326727112098
5264, -4.04756242568371, -5.395324704917247, 33.29812211619873
8429, 2.2289156626506026, 1.9706710348552692, -11.586110328114959
9802, 5.037593984962406, 4.856736366831708, -3.5901586882660994
1256, 14.350649350649352, 12.37993321988103, -13.73259204245799
4173, 1.1210762331838566, 1.1043441913710208, -1.492498129704956
4175, 3.9716312056737593, 3.7634116231072583, -5.24267163247797
4180, -4.568106312292358, -5.166309535895463, 13.09521238578433
4755, 4.388092613009923, 4.1408590654887405, -5.634191648284237
4977, 4.3, 5.822093806443684, 35.39753038241126
5285, 4.519572953736654, 5.09821043529408, 12.802923804538317
5287, 14.225352112676058, 14.192934744363491, -0.22788447031606368
5289, 10.869565217391305, 11.649821452492246, 7.178357362928657
6405, 0.0911854103343465, 0.2885643071343596, 216.45885682401436
6409, 23.049555273189327, 22.2210818490057, -3.594314139098759
6411, 7.282463186077644, 7.187719582199474, -1.300982942959429
6412, 2.6703210649960845, 3.1653066783853143, 18.53655801460547
6414, 36.97164948453609, 32.03700078330524, -13.347115343865939
8150, 1.465001992296454, 0.9709388184829931, -33.72440286166406
8446, 9.035916824196597, 8.300048894278433, -8.143810354115251
6415, 20.265780730897013, 21.372462683590907, 5.460840455096097
5538, 3.196428571428571, 4.234915008981665, 32.4889611748454
8464, 12.668941979522184, 12.636211704903404, -0.2583504973950045
5227, -5.261158594491928, -5.411141676620371, 2.8507614707807014
4971, 1.408839779005525, 1.8382548301880508, 30.480048730994973
2115, 2.5365853658536586, 2.3224098564670683, -8.44345758158673
3706, 3.518360375747225, 3.177122654810287, -9.698771146047429
1264, 15.786350148367953, 15.32060365439019, -2.950311437415528
8077, 0.37374658158614404, 0.4227783206424268, 13.118979937742
1568, 0.921435499515034, 1.2456436586496968, 35.18511705977235
3272, 2.4282982791587, 1.9533290718756535, -19.55975554401837
3321, -2.840336134453781, -2.9598923309598746, 4.209227036752992
3374, -4.974245768947756, -9.197011648473154, 84.89258624667183
3413, 14.062877871825876, 13.956025512301446, -0.7598185840645175
3437, -2.6782006920415222, -2.0402683009722242, -23.819439408143044
3492, 1.8309859154929577, 1.211383135469176, -33.83984413976039
4116, 1.7488789237668163, 1.439249188390138, -17.704469484358786
8027, 1.2030075187969924, -0.21138957175508438, -117.5717581521414
3672, 0.5421686746987951, 0.40127035453029974, -25.9879123866336
3581, 1.0424710424710424, 0.9967371737736496, -4.387063700972126
3122, -0.6106870229007634, -0.4079730181595206, -33.19441827637851
2069, 5.692810457516339, 7.652162458201039, 34.4180087376302
2064, 1.0571428571428572, 0.91468060771453, -13.476158729706626
2235, 2.98050139275766, 2.626191090796856, -11.887607327469961
2641, 0.6088682991396426, -3.4306802182103526, -663.4519358386787
3661, 4.297658862876254, 6.733762730713476, 56.684440193255206
3666, -1.8426501035196687, -1.1032361593208502, -40.12774551101453
4147, -1.280827366746221, -27.513743392458878, 2048.1226984050195
4968, 2.9304635761589406, 3.1137109538211516, 6.253187350733075
5245, 3.054945054945055, 3.7596648758479008, 23.06816679933775
8420, 1.588235294117647, 0.8661339448804548, -45.46564050752691
8431, -2.34375, -1.8060335821654676, -22.94256716094005
4991, 3.8686131386861318, 4.050092242900394, 4.691063637236597
4167, -1.4516129032258065, -1.1736516647537825, -19.14844087251721
2067, 1.5299334811529932, 1.0794161454584135, -29.446857738877608
2732, 4.947643979057592, 5.2750354665679, 6.617118953912048
4171, 0.8670520231213873, -0.2261793323319811, -126.08601632895515
4174, -7.17816091954023, -1.692928639846743, -76.4155657859621
4433, 1.9682539682539681, 1.251325395184901, -36.42459685754132
4541, 1.7366136034732271, 1.0264296482887745, -40.894759419371404
4542, 1.872791519434629, 1.4339130038038048, -23.434456589344006
4545, -0.7402597402597402, -0.7568934249690179, 2.2470065309024303
6417, 1.2078651685393258, 1.2468033250179997, 3.223717141025098
6419, -3.9928057553956835, -3.034938320239979, -23.989833060656384
8443, 0.20958083832335328, 0.40757522519696376, 94.47160745112272
8444, -1.2834224598930484, 0.38230125664293874, -129.78763958009563
2236, 3.9902676399026764, 3.1075239446120637, -22.122418217344013
6525, 6.59846547314578, 6.9158927308693565, 4.810622394182879
8467, 2.5343811394891946, 1.5417443662021226, -39.16683082194726
2726, 2.706552706552707, 3.4046854096057517, 25.794166186486184
6431, -0.41666666666666663, -1.9671971244811635, 372.1273098754792
8463, 0.7733333333333334, 0.8279901529597755, 7.067692193074407
6449, 2.156398104265403, 2.5724710164883757, 19.294809775614787
6443, -2.3547913608723006, -2.4060092629623004, 2.1750505348816507
8341, 7.381165919282511, 7.1255336114530525, -3.46330526403215
8222, 0.7007299270072993, 0.5817801973246577, -16.975117673460314
6451, 2.760910815939279, 0.6348223276437686, -77.00677892314322
5288, 8.358662613981764, 8.489281488413813, 1.5626767159325095
6456, 11.7265763111373, 12.782388047224572, 9.003580483116078
6452, 14.102564102564104, 12.423895844289001, -11.903284013223454
3081, 7.65934065934066, 7.892833928233186, 3.048477398740299
2643, 2.8244274809160306, 2.700388955066076, -4.391634293606507
2740, -4.157303370786517, -2.3428463455822213, -43.64504736302224
1592, -3.5454545454545454, -1.221513712823565, -65.5470491254892
8454, 10.314061384725196, 10.494940551477796, 1.75371427418957
2736, -0.6122448979591837, -0.9147295697465668, 49.405829725272575
6464, 5.0315955766192735, 5.058120611704357, 0.5271694571069997
2928, -15.391120507399577, -9.24735233553545, -39.917614633128196
4557, 5.23121387283237, 4.651074731468071, -11.089952647074442
4555, 2.556053811659193, 2.6964621662412585, 5.493168959965013
4551, 6.1050061050061055, 6.310010152415111, 3.3579662965595074
4190, 8.655737704918034, 7.2196079682551275, -16.59165036674948
3707, 0.8499288762446657, 0.8596769869910798, 1.1469325279881264
4188, -0.7939508506616256, -1.7179968042851583, 116.38578796829735
4192, -3.5251798561151078, -3.118435251798561, -11.53826530612245
4198, -5.6000000000000005, -5.721770122952815, 2.174466481300263
4543, 1.827768014059754, 0.9798139361135061, -46.39287214917452
4549, 5.346534653465347, 5.1375459061863635, -3.908863606514317
4550, 1.501416430594901, 1.4688110480355931, -2.1716415176293675
4556, 1.7613636363636365, 1.6637450451883828, -5.542216789304721
4803, 14.168797953964194, 13.832240317380029, -2.3753436083828308
4804, -5.487804878048781, -2.9537582357861076, -46.17596103678649
4806, -1.952662721893491, -139.8082556425946, 7059.877334423784
5276, 0.6075949367088608, -0.04545261999079903, -107.48074370681901
5281, 3.378378378378378, 4.955064818740211, 46.66991863471026
5284, 3.6962025316455698, 4.170516997449953, 12.83248041046105
5291, 1.1607142857142858, -0.1966938375415354, -116.94593061896306
5878, 2.742616033755274, 2.925555618716184, 6.670258713190108
6404, -6.256684491978609, -7.5169214482943705, 20.142248788978414
6426, 0.3283582089552239, 0.24956232308045015, -23.99692888004473
6432, 2.818181818181818, 2.283261019463869, -18.98106059966915
6435, 9.72809667673716, 8.81844201660613, -9.350797903831383
6457, 1.5120274914089347, 1.389556892582799, -8.099760058728517
6462, 9.450704225352112, 11.927109313079896, 26.203392135420668
6465, 0.030303030303030304, -0.8672100247760622, -2961.7930817610054
6469, 2.8961748633879782, 3.137953045276149, 8.348190053874577
6470, 3.302752293577982, 2.2259270952100265, -32.60387406169642
6485, 2.017543859649123, 0.5177140308161483, -74.33939151606917
6488, 31.17768122570318, 28.437782888070437, -8.788011904406615
6496, 4.753747323340471, 4.936098850289711, 3.835953292130418
6510, 21.82926829268293, 21.425580602154074, -1.8492955655511796
6512, 0.52, 0.577050192260437, 10.971190819314797
6514, 2.7235772357723578, 2.426518933686578, -10.906916763149525
7402, 1.4035087719298245, 0.9284805214572699, -33.84576284616952
8437, 13.779527559055119, 13.96525272002031, 1.3478340252902439
8450, 1.9391634980988592, 1.3960606518604877, -28.00706834523367
8455, 1.23015873015873, 2.6601566840274775, 116.24499495965304
8462, 7.495908346972176, 6.652177528649847, -11.255884934387412
8472, 0.24630541871921183, 0.15075450328031947, -38.79367166819029
